species	contig	start	end	length	strand	gene	donor	acceptor	telo_coverage	orientation	repeat_unit	longest_telo_run	telo_run_frac	n_gaps	splice_canonical	gt_from_repeat	ag_from_repeat	donor_4	acceptor_4	artifact_flags	seq_preview
GCF_000239435.1_Tetranychus_urticae	NW_015449934.1	2215231	2215261	30	-	rna-XR_003081922.1	CT	AC	0.9667	template-strand	CCCTAA	15	0.5	1	True	True	True	TAGG	GGTT	['DUPLICATE_SEQ(2x)']	CTAACCTAACCTAATCTAACCTAACCTAAC
GCF_000239435.1_Tetranychus_urticae	NW_015449938.1	3601153	3601183	30	-	rna-XR_003082376.1	CT	AC	0.9667	template-strand	CCCTAA	15	0.5	1	True	True	True	TAGG	GGTT	['DUPLICATE_SEQ(2x)']	CTAACCTAACCTAATCTAACCTAACCTAAC
GCF_000315625.1_Guillardia_theta_CCMP2712	NW_005434646.1	18027	18068	41	-	rna-XM_005833726.1	CT	AC	0.9268	template-strand	CCCTAA	37	0.902	0	True	False	False	TTAG	GTTA	[]	CTTAACCCTAAACCCTAAACCCTAAACCCTAAACCCTAAAC
GCF_000499385.1_Eimeria_necatrix	NW_013654926.1	6698	6758	60	-	rna-XM_013584210.1	CT	AC	0.9833	template-strand	CCCTAA	59	0.983	0	True	False	True	AGGG	GGTT	[]	CTAACCCCTAAACCCTAAACCCTAAACCCTAAACCCTAAACCCTAAACCCTAAACCCTAC
GCF_000499385.1_Eimeria_necatrix	NW_013654926.1	6898	7005	107	-	rna-XM_013584210.1	CT	AC	0.8505	template-strand	CCCTAA	57	0.533	1	True	False	False	GAGC	GCGC	[]	CTGCGCACAAACCCTAAACCCTAAACCCTAAACCCTAAACCCTAAACCCTAAACCCTAAACCCTAAACCGCTAAACCCTA
GCF_000499385.1_Eimeria_necatrix	NW_013655000.1	213217	213280	63	+	rna-XM_013584473.1	GT	AG	1.0	coding-strand	TTAGGG	58	0.921	0	True	False	False	TTAG	GTTT	['DUPLICATE_SEQ(2x)']	GTTTAGGGTTTAGGGTTTAGGGTTTTAGGGTTTAGGGTTTAGGGTTTAGGGTTTAGGGTTTAG
GCF_000499385.1_Eimeria_necatrix	NW_013655067.1	21924	21957	33	+	rna-XM_013584611.1	GT	AG	0.9091	coding-strand	TTAGGG	27	0.818	0	True	False	False	GAGG	GTTT	[]	GTGAGGGTTTAGGGTTTAGGGTTTAGGGTTTAG
GCF_000499385.1_Eimeria_necatrix	NW_013655067.1	38517	38731	214	-	rna-XM_013584613.1	CT	AC	0.986	template-strand	CCCTAA	111	0.519	2	True	False	False	TTAG	GTTT	[]	CTAAACCCTAAACCCTAAACCCTAAACCCTAAACCCTAAACCCTAAACCCTACCCTAAACCCTAAACCCTAAACCCTAAA
GCF_000499385.1_Eimeria_necatrix	NW_013655109.1	51334	51391	57	+	rna-XM_013584695.1	GT	AG	0.8772	coding-strand	TTAGGG	49	0.86	0	True	False	False	AGGG	GCTC	[]	GTAGGGTTTAGGGTTTAGGGTTTAGGGTTTAGGGTTTAGGGTTTAGGGTTTGCTCAG
GCF_000499385.1_Eimeria_necatrix	NW_013655299.1	36684	36779	95	+	rna-XM_013585267.1	GT	AG	0.8526	coding-strand	TTAGGG	48	0.505	3	True	False	False	AGGC	GTTT	[]	GTAGGCTCCAGGGTTTAGGGTTTAGGGTTTAGGGTTTAGGGTTTAGGGTTTAGGGTTTGGGGTTTAGGGTCTAGGGTTTA
GCF_000499385.1_Eimeria_necatrix	NW_013655347.1	72720	72771	51	-	rna-XM_013585531.1	CT	AC	0.8824	template-strand	CCCTAA	42	0.824	0	True	False	False	GAGC	GTTT	[]	CTAAACCCTAAACCCTAAACCCTAAACCCTAAACCCTAAACCCTAGCTCAC
GCF_000499385.1_Eimeria_necatrix	NW_013651702.1	12962	13009	47	-	rna-XM_013577344.1	CT	AC	0.9787	template-strand	CCCTAA	42	0.894	0	True	False	False	AGGG	TTTT	[]	CTAAAACCCTAAACCCTAAACCCTAAACCCTAAACCCTAAACCCTAC
GCF_000499385.1_Eimeria_necatrix	NW_013651734.1	8916	8975	59	-	rna-XM_013577522.1	CT	AC	0.8983	coding-strand	TTAGGG	49	0.831	0	True	False	False	GAGC	CCCT	[]	CTAGGGTTTAGGGTTTAGGGTTTAGGGTTTAGGGTTTAGGGTTTAGGGTTTAGGCTCAC
GCF_000499385.1_Eimeria_necatrix	NW_013651816.1	7047	7110	63	+	rna-XM_013578092.1	GT	AG	1.0	coding-strand	TTAGGG	58	0.921	0	True	False	False	TTAG	GTTT	['DUPLICATE_SEQ(2x)']	GTTTAGGGTTTAGGGTTTAGGGTTTTAGGGTTTAGGGTTTAGGGTTTAGGGTTTAGGGTTTAG
GCF_000499385.1_Eimeria_necatrix	NW_013651917.1	1371	1439	68	+	rna-XM_013578400.1	GT	AG	0.9265	coding-strand	TTAGGG	58	0.853	0	True	False	False	TTAG	GTGC	[]	GTTTAGGGTTTAGGGTTTAGGGTTTTAGGGTTTAGGGTTTAGGGTTTAGGGTTTAGGGTTTAGTGCAG
GCF_000499385.1_Eimeria_necatrix	NW_013652106.1	78491	78551	60	+	rna-XM_013578936.1	GT	AG	0.8667	coding-strand	TTAGGG	43	0.717	0	True	False	False	AAGG	GTTT	[]	GTAAGGCTTAGGGTTTAGGGTTTAGGGTTTAGGGTTTAGGGTTTAGGGTTTGGGGTTTAG
GCF_000499385.1_Eimeria_necatrix	NW_013652118.1	1909	1977	68	+	rna-XM_013578960.1	GT	AG	0.8824	coding-strand	TTAGGG	57	0.838	0	True	False	False	TTAG	GTGC	[]	GTTTAGGGTTTAGGGTTTAGGGTTTAGGGTTTAGGGTTTAGGGTTTAGGGTTTAGGGTTTGCGTGCAG
GCF_000499385.1_Eimeria_necatrix	NW_013652168.1	4260	4347	87	-	rna-XM_013579075.1	CT	AC	0.8851	template-strand	CCCTAA	64	0.736	1	True	False	False	AGGG	GCTT	[]	CTAAGCGCAAACCCTAAACCCTAAACCCTAAACCCTAAACCCTAAACCCTAAACCCTAAACCCTAAACCCTAAAGCCTAA
GCF_000499385.1_Eimeria_necatrix	NW_013652856.1	10326	10380	54	+	rna-XM_013580144.1	GT	AG	0.9444	coding-strand	TTAGGG	48	0.889	0	True	False	False	GAGG	GTTT	[]	GTGAGGGTTTAGGGTTTAGGGTTTAGGGTTTAGGGTTTAGGGTTTAGGGTTTAG
GCF_000499385.1_Eimeria_necatrix	NW_013653027.1	28698	28766	68	-	rna-XM_013580296.1	CT	AC	0.8824	template-strand	CCCTAA	57	0.838	0	True	False	False	TTAG	GCGC	[]	CTGCGCGCAAACCCTAAACCCTAAACCCTAAACCCTAAACCCTAAACCCTAAACCCTAAACCCTAAAC
GCF_000499385.1_Eimeria_necatrix	NW_013653524.1	32163	32219	56	+	rna-XM_013580741.1	GT	AG	1.0	coding-strand	TTAGGG	51	0.911	0	True	False	False	TTAG	GTTT	[]	GTTTAGGGTTTAGGGTTTAGGGTTTTAGGGTTTAGGGTTTAGGGTTTAGGGTTTAG
GCF_000499385.1_Eimeria_necatrix	NW_013654339.1	19704	19757	53	-	rna-XM_013581581.1	CT	AC	0.9811	template-strand	CCCTAA	44	0.83	0	True	True	False	TAGG	GTTT	[]	CTAAACCCAAACCCTAAACCCTAAACCCTAAACCCTAAACCCTAAACCCTAAC
GCF_000499385.1_Eimeria_necatrix	NW_013654388.1	13202	13294	92	-	rna-XM_013581920.1	CT	AC	0.9239	template-strand	CCCTAA	55	0.598	1	True	False	False	CCCG	GTTT	[]	CTAAACCCTAAACCCTAAACCCTAAAACCTAAACCCTAAACCCTAAACCCTAAACCCTAAACCCTAAACCCTAAACCCTA
GCF_000499385.1_Eimeria_necatrix	NW_013654424.1	77104	77175	71	+	rna-XM_013582098.1	GT	AG	0.9014	coding-strand	TTAGGG	63	0.887	0	True	False	False	AGGG	GCTC	[]	GTAGGGTTTAGGGTTTAGGGTTTAGGGTTTAGGGTTTAGGGTTTAGGGTTTAGGGTTTAGGGTTTGCTCAG
GCF_000499385.1_Eimeria_necatrix	NW_013654467.1	9512	9569	57	+	rna-XM_013582317.1	GT	AG	0.8947	coding-strand	TTAGGG	49	0.86	0	True	False	False	AGGG	TGGC	[]	GTAGGGTTTAGGGTTTAGGGTTTAGGGTTTAGGGTTTAGGGTTTAGGGTTTTGGCAG
GCF_000499385.1_Eimeria_necatrix	NW_013654601.1	1317	1470	153	-	rna-XM_013582897.1	CT	AC	0.9216	template-strand	CCCTAA	139	0.908	0	True	False	False	GAGC	ATGC	[]	CTGCATAAACCCTAAACCCTAAACCCTAAACCCTAAACCCTAAACCCTAAACCCTAAACCCTAAACCCTAAACCCTAAAC
GCF_000499385.1_Eimeria_necatrix	NW_013654619.1	113226	113273	47	-	rna-XM_013583044.1	CT	AC	0.8511	template-strand	CCCTAA	36	0.766	0	True	False	False	CAGA	GTTT	[]	CTAAACCCTAAACCCTAAACCCTAAACCCTAAACCCTAAAGTCTGAC
GCF_000499385.1_Eimeria_necatrix	NW_013654660.1	10190	10271	81	+	rna-XM_013583225.1	GT	AG	0.8642	coding-strand	TTAGGG	41	0.506	2	True	False	False	TTAG	GCTC	[]	GTTTAGGGTCGAGGGTTTAGGGTTTAGGGTCGAGGGTTTAGGGTTTAGGGTTTAGGGTTTAGGGTTTAGGGTTTGGCTCA
GCF_000499385.1_Eimeria_necatrix	NW_013654708.1	93416	93487	71	+	rna-XM_013583377.1	GT	AG	0.9014	coding-strand	TTAGGG	58	0.817	0	True	False	False	TTAG	GTGC	[]	GTTTAGGGTTTAGGGTTTAGGGTTTTAGGGTTTAGGGTTTAGGGTTTAGGGTTTAGGGTTTAGGTGTGCAG
GCF_000499385.1_Eimeria_necatrix	NW_013654729.1	13410	13476	66	+	rna-XM_013583445.1	GT	AG	0.9091	coding-strand	TTAGGG	57	0.864	0	True	False	False	TTAG	GCGC	[]	GTTTAGGGTTTAGGGTTTAGGGTTTAGGGTTTAGGGTTTAGGGTTTAGGGTTTAGGGTTTGCGCAG
GCF_000499385.1_Eimeria_necatrix	NW_013654757.1	5691	5757	66	-	rna-XM_013583523.1	CT	AC	0.9697	template-strand	CCCTAA	55	0.833	0	True	False	False	AGGG	GTTT	[]	CTAAACCCCAAACCCTAAACCCTAACCCTAAACCCTAAACCCTAAACCCTAAACCCTAAACCCTAC
GCF_000499425.1_Eimeria_acervulina	NW_013550382.1	7136	7195	59	+	rna-XM_013397643.1	GT	AG	0.8644	coding-strand	TTAGGG	35	0.593	1	True	False	False	AAGG	GTTT	[]	GTAAGGCTAGGGTTTAGGGTTTAGGGTTTAGGGTTTAGGGTTTGGGGTTTAGGGTTTAG
GCF_000499425.1_Eimeria_acervulina	NW_013550361.1	7572	7657	85	+	rna-XM_013397571.1	GT	AG	0.9176	coding-strand	TTAGGG	48	0.565	1	True	False	False	AAGG	TTTT	[]	GTAAGGGTTTAGGGTTTAGGGTTTAGGGTTTAGGGTTTAGGGTTTAGGGTTTGAGGGTTTAGGGTTTTAGGGTTTAGGGT
GCF_000499425.1_Eimeria_acervulina	NW_013550326.1	58881	58925	44	+	rna-XM_013397441.1	GT	AG	0.8864	coding-strand	TTAGGG	36	0.818	0	True	False	False	AAAT	GTTT	[]	GTAAATTAGGGTTTAGGGTTTAGGGTTTAGGGTTTAGGGTTTAG
GCF_000499425.1_Eimeria_acervulina	NW_013550247.1	4077	4132	55	+	rna-XM_013397155.1	GT	AG	0.9091	coding-strand	TTAGGG	49	0.891	0	True	False	False	AGGG	TTGC	[]	GTAGGGTTTAGGGTTTAGGGTTTAGGGTTTAGGGTTTAGGGTTTAGGGTTTGCAG
GCF_000499425.1_Eimeria_acervulina	NW_013550207.1	6753	6814	61	+	rna-XM_013397055.1	GT	AG	0.8852	coding-strand	TTAGGG	35	0.574	1	True	False	False	GAGG	GTTT	[]	GTGAGGGTTTAGGGTTTAGAATCTAGGGTTTAGGGTTTAGGGTTTAGGGTTTAGGGTTTAG
GCF_000499425.1_Eimeria_acervulina	NW_013549954.1	77724	77780	56	+	rna-XM_013396254.1	GT	AG	0.8929	coding-strand	TTAGGG	49	0.875	0	True	False	False	AAGG	TTTT	[]	GTAAGGGTTTAGGGTTTAGGGTTTAGGGTTTAGGGTTTAGGGTTTTAGGGTTTTAG
GCF_000499425.1_Eimeria_acervulina	NW_013549855.1	10951	11019	68	+	rna-XM_013395765.1	GT	AG	0.8824	coding-strand	TTAGGG	57	0.838	0	True	False	False	GAGG	GTTT	[]	GTGAGGGCTTAGGGTTTAGGGTTTAGGGTTTAGGGTTTAGGGTTTAGGGTTTAGGGTTTAGGGTTTAG
GCF_000499425.1_Eimeria_acervulina	NW_013549646.1	66975	67031	56	+	rna-XM_013394625.1	GT	AG	0.875	coding-strand	TTAGGG	36	0.643	1	True	False	False	GAGG	TTAC	[]	GTGAGGGTTTAAGGTTTAGGGTTTAGGGTTTAGGGTTTAGGGTTTAGGGTTTACAG
GCF_000499425.1_Eimeria_acervulina	NW_013549606.1	3625	3674	49	-	rna-XM_013394456.1	CT	AC	0.8571	template-strand	CCCTAA	41	0.837	0	True	False	False	GAGG	TTTT	[]	CTAAAAACCCTAAACCCTAAACCCTAAACCCTAAACCCTAAACCCTCAC
GCF_000499425.1_Eimeria_acervulina	NW_013548717.1	2013	2058	45	+	rna-XM_013392937.1	GT	AG	0.8667	coding-strand	TTAGGG	36	0.8	0	True	False	False	AAGA	GTTT	[]	GTAAGATTAGGGTTTAGGGTTTAGGGTTTAGGGTTTAGGGTTTAG
GCF_000499545.2_Eimeria_tenella	NW_013541457.1	980597	980692	95	+	rna-XM_013372461.1	GT	AG	0.9263	coding-strand	TTAGGG	85	0.895	0	True	False	False	TTAG	TCTC	[]	GTTTAGGGTTTAGGGTTTAGGGTTTAGGGTTTAGGGTTTAGGGTTTAGGGTTTAGGGTTTAGGGTTTAGGGTTTAGGGTT
GCF_000499545.2_Eimeria_tenella	NW_013541458.1	49818	49867	49	-	rna-XM_013372505.1	CT	AC	0.8571	template-strand	CCCTAA	34	0.694	0	True	False	False	CCGA	GTTT	[]	CTAAACCCCAAACCCTAAACCCTTAACCCTAAACCCTAAACCCTCGGAC
GCF_000499545.2_Eimeria_tenella	NW_013541630.1	82320	82359	39	-	rna-XM_013373868.1	CT	AC	0.9744	template-strand	CCCTAA	35	0.897	0	True	False	False	AGGG	GTTT	[]	CTAAACCCTAAACCCTAAACCCTAAACCCTAAACCCTAC
GCF_000499545.2_Eimeria_tenella	NW_013542047.1	1193	1239	46	-	rna-XM_013374617.1	CT	AC	0.9348	template-strand	CCCTAA	34	0.739	1	True	False	False	AGGG	GTTT	[]	CTAAACCCTAGACCCTAACCCCTAAACCCTAAACCCTAAACCCTAC
GCF_000499545.2_Eimeria_tenella	NW_013542105.1	5085	5118	33	-	rna-XM_013374738.1	CT	AC	0.9091	template-strand	CCCTAA	27	0.818	0	True	False	False	GAGG	GTTT	[]	CTAAACCCTAAACCCTAAACCCTAAACCCTCAC
GCF_000499545.2_Eimeria_tenella	NW_013543449.1	159561	159619	58	+	rna-XM_013378182.1	GT	AG	0.8966	coding-strand	TTAGGG	49	0.845	0	True	False	False	GAGC	GTTT	[]	GTGAGCTAGGGTTTAGGGTTTAGGGTTTAGGGTTTAGGGTTTAGGGTTTAGGGTTTAG
GCF_000499545.2_Eimeria_tenella	NW_013543884.1	189	228	39	-	rna-XM_013379101.1	CT	AC	0.9487	coding-strand	TTAGGG	35	0.897	0	True	False	False	AAAC	CCCT	['NEAR_CONTIG_START']	CTAGGGTTTAGGGTTTAGGGTTTAGGGTTTAGGGTTTAC
GCF_000499545.2_Eimeria_tenella	NW_013545473.1	283	323	40	-	rna-XM_013380176.1	CT	AC	0.95	coding-strand	TTAGGG	36	0.9	0	True	False	False	AAAC	CCTA	['NEAR_CONTIG_START']	CTTAGGGTTTAGGGTTTAGGGTTTAGGGTTTAGGGTTTAC
GCF_000499545.2_Eimeria_tenella	NW_013546059.1	1822	1896	74	-	rna-XM_013380841.1	CT	AC	0.8514	template-strand	CCCTAA	49	0.662	0	True	False	False	AGGG	GTTT	[]	CTAAACCCCAAACCCCAAACCCCAAACCCTAAACCCTAAACCCTAAACCCTAAACCCTAAACCCTAAACCCTAC
GCF_000499605.1_Eimeria_maxima	NW_013563398.1	11364	11411	47	+	rna-XM_013477268.1	GT	AG	0.9362	coding-strand	TTAGGG	41	0.872	0	True	False	False	AAGG	GTTT	[]	GTAAGGGTTTAGGGTTTAGGGTTTAGGGTTTAGGGTTTAGGGTTTAG
GCF_000499605.1_Eimeria_maxima	NW_013563914.1	18605	18702	97	-	rna-XM_013478721.1	CT	AC	0.8763	template-strand	CCCTAA	54	0.557	1	True	False	False	AATT	AGGT	[]	CTACCTAACCCTAAACCCTAAACCCTAAAACCCTAAACCCTAAACCCTAAACCCTAAAAACCTAAACCCTAAACCCTAAA
GCF_000499605.1_Eimeria_maxima	NW_013563953.1	5136	5185	49	-	rna-XM_013478839.1	CT	AC	0.9388	template-strand	CCCTAA	29	0.592	0	True	False	False	AAAC	GTTT	[]	CTAAACCAAACCCTAAACCCTAAACCCTAAACCCTAAACGGGGGTTTAC
GCF_000499605.1_Eimeria_maxima	NW_013563966.1	20075	20118	43	+	rna-XM_013478881.1	GT	AG	0.8605	coding-strand	TTAGGG	34	0.791	0	True	False	False	GAGG	GTTT	[]	GTGAGGAGGGTTTAGGGTTTAGGGTTTAGGGTTTAGGGTTTAG
GCF_000499605.1_Eimeria_maxima	NW_013564656.1	761	834	73	-	rna-XM_013480236.1	CT	AC	0.9041	template-strand	CCCTAA	65	0.89	0	True	True	False	TAGG	TTGT	['NEAR_CONTIG_START']	CTACAATAAACCCTAAACCCTAAACCCTAAACCCTAAACCCTAAACCCTAAACCCTAAACCCTAAACCCTAAC
GCF_000499605.1_Eimeria_maxima	NW_013564750.1	623	704	81	-	rna-XM_013480359.1	CT	AC	0.8889	template-strand	CCCTAA	70	0.864	0	True	False	False	AGGG	CGTT	['NEAR_CONTIG_START']	CTAACGACAAAACCCTAAACCCTAAACCCTAAACCCTAAACCCTAAACCCTAAACCCTAAACCCTAAACCCTAAACCCTA
GCF_000499605.1_Eimeria_maxima	NW_013564919.1	410	489	79	-	rna-XM_013480539.1	CT	AC	0.9241	template-strand	CCCTAA	48	0.608	2	True	False	False	AAGG	GTTT	['NEAR_CONTIG_START']	CTAAACCCTAAAAATCCTAAACCCTAAAAACCCTAAACCCTAAACCCTAAACCCTAAACCCTAAACCCTAAACCCTTAC
GCF_000499605.1_Eimeria_maxima	NW_013566723.1	63896	63943	47	+	rna-XM_013482738.1	GT	AG	0.9574	coding-strand	TTAGGG	35	0.745	1	True	True	False	TAGG	GTTT	[]	GTTAGGGTTTAGGGTTTAGGGTTTAGGGTTTAGGGCTTAGGGTTTAG
GCF_000499745.2_Eimeria_mitis	NW_013573714.1	3290	3351	61	-	rna-XM_013500471.1	CT	AC	0.8525	template-strand	CCCTAA	35	0.574	1	True	False	False	TTAG	GTGC	[]	CTGCACACAAACCCTAAACCCTAAACCCTAAACCCTAAACCCTAGACCCTAAACCCTAAAC
GCF_000499745.2_Eimeria_mitis	NW_013570043.1	8115	8182	67	-	rna-XM_013495745.1	CT	AC	0.9254	template-strand	CCCTAA	58	0.866	0	True	False	False	TTAG	ACAC	[]	CTGTGTAAACCCTAAACCCTAAACCCTAAACCCTAAAACCCTAAACCCTAAACCCTAAACCCTAAAC
GCF_000499745.2_Eimeria_mitis	NW_013574371.1	11609	11724	115	-	rna-XM_013501018.1	CT	AC	0.9478	template-strand	CCCTAA	59	0.513	3	True	True	False	TAGG	GTTT	[]	CTAAACCCTAAACCCTAAACCCTAAACCCTAAACTCTAAACCCTAGCCCCTAAACGTAACCCTAAACCCTAAACCCTAAA
GCF_000499745.2_Eimeria_mitis	NW_013570243.1	7969	8023	54	+	rna-XM_013496115.1	GT	AG	0.8519	coding-strand	TTAGGG	43	0.796	0	True	False	False	TTAG	GTGC	[]	GTTTAGGGTTTAGGGTTTAGGGTTTAGGGTTTAGGGTTTAGGGTTTGTGTGCAG
GCF_000499745.2_Eimeria_mitis	NW_013570276.1	2825	2886	61	+	rna-XM_013496157.1	GT	AG	0.8852	coding-strand	TTAGGG	54	0.885	0	True	False	False	AGGG	GTAC	[]	GTAGGGTTTAGGGTTTAGGGTTTAGGGTTTAGGGTTTAGGGTTTAGGGTTTAGGGGTACAG
GCF_000499745.2_Eimeria_mitis	NW_013570477.1	6028	6085	57	+	rna-XM_013496530.1	GT	AG	0.9298	coding-strand	TTAGGG	50	0.877	0	True	False	False	TTAG	TTTT	[]	GTTTAGGGTTTAGGGTTTAGGGTTTAGGGTTTAGGGTTTAGGGTTTAGGGTTTTTAG
GCF_000499745.2_Eimeria_mitis	NW_013574658.1	5106	5174	68	+	rna-XM_013501206.1	GT	AG	0.9559	coding-strand	TTAGGG	65	0.956	0	True	True	False	TAGG	GTTT	[]	GTTAGGGTTTAGGGTTTAGGGTTTAGGGTTTAGGGTTTAGGGTTTAGGGGTTAGGGGTTAGGGTTTAG
GCF_000499745.2_Eimeria_mitis	NW_013575166.1	10054	10115	61	-	rna-XM_013501559.1	CT	AC	0.9344	template-strand	CCCTAA	48	0.787	0	True	False	False	GAGG	GTTT	[]	CTAAACCCCAAACCCTAAACCCTAAACCCTAAACCCTAAACCCTAAACCCTAAACCCTCAC
GCF_000499745.2_Eimeria_mitis	NW_013571453.1	6111	6172	61	-	rna-XM_013498018.1	CT	AC	0.8852	template-strand	CCCTAA	50	0.82	0	True	False	False	TTAG	ATGC	[]	CTGCATATAAACCCTAAACCCTAAACCCTAAACCCTAAACCCTAAACCCTAAACCCTAAAC
GCF_000499745.2_Eimeria_mitis	NW_013568511.1	163	224	61	-	rna-XM_013494740.1	CT	AC	0.9344	template-strand	CCCTAA	56	0.918	0	True	False	False	AGGG	TTTC	['NEAR_CONTIG_START']	CTGAAACCCTAAACCCTAAACCCTAAACCCTAAACCCTAAACCCTAAACCCTAAACCCTAC
GCF_000499745.2_Eimeria_mitis	NW_013573319.1	18443	18505	62	-	rna-XM_013500116.1	CT	AC	0.8548	template-strand	CCCTAA	50	0.806	0	True	False	False	TTAG	TTTC	[]	CTGAAACACAAACCCTAAACCCTAAACCCTAAACCCTAAACCCTAAACCCTAAACCCTAAAC
GCF_001643675.1_Monocercomonoides_exilis	NW_027150555.1	1927157	1927333	176	+	rna-XM_067870163.1	GT	AG	0.9602	coding-strand	TTAGGG	163	0.926	1	True	True	True	TAGG	GGTT	[]	GTTAGGGTTAGGGTTAGGGTTAGGGTTAGGGTTAGGGTTAGGGTTAGGGTTAGGGTTAGGGTTAGGGTTAGGGTTAGGGT
GCF_001643675.1_Monocercomonoides_exilis	NW_027150555.1	1927413	1927581	168	+	rna-XM_067870163.1	GT	AG	1.0	coding-strand	TTAGGG	168	1.0	0	True	True	True	TAGG	GGTT	[]	GTTAGGGTTAGGGTTAGGGTTAGGGTTAGGGTTAGGGTTAGGGTTAGGGTTAGGGTTAGGGGTTAGGGTTAGGGTTAGGG
GCF_001643675.1_Monocercomonoides_exilis	NW_027150555.1	1927864	1927917	53	+	rna-XM_067870163.1	GT	AG	1.0	coding-strand	TTAGGG	53	1.0	0	True	True	True	TAGG	GGTT	['DUPLICATE_SEQ(22x)', 'PERFECTLY_PERIODIC']	GTTAGGGTTAGGGTTAGGGTTAGGGTTAGGGTTAGGGTTAGGGTTAGGGTTAG
GCF_001643675.1_Monocercomonoides_exilis	NW_027150555.1	1928092	1928248	156	+	rna-XM_067870163.1	GT	AG	1.0	coding-strand	TTAGGG	156	1.0	0	True	True	True	TAGG	GGTT	[]	GTTAGGGGTTAGGGTTAGGGTTAGGGTTAGGGTTAGGGTTAGGGTTAGGGTTAGGGTTAGGGTTAGGGTTAGGGTTAGGG
GCF_001643675.1_Monocercomonoides_exilis	NW_027150555.1	1928607	1928702	95	+	rna-XM_067870163.1	GT	AG	0.9263	coding-strand	TTAGGG	82	0.863	1	True	True	True	TAGG	GGTT	[]	GTTAGGGTTAGGGTTAGGGTTAGGGTTAGGGTTAGGGTTAGGGGTTAGGGTTAGGGTTAGGGTTAGGGTTAGGGTTAGGG
GCF_001643675.1_Monocercomonoides_exilis	NW_027150555.1	1929015	1929067	52	+	rna-XM_067870163.1	GT	AG	1.0	coding-strand	TTAGGG	52	1.0	0	True	True	True	TAGG	GGTT	['DUPLICATE_SEQ(3x)']	GTTAGGGTTAGGGTTAGGTTAGGGTTAGGGTTAGGGTTAGGGTTAGGGTTAG
GCF_001643675.1_Monocercomonoides_exilis	NW_027150555.1	1929180	1929718	538	+	rna-XM_067870163.1	GT	AG	0.9981	coding-strand	TTAGGG	375	0.697	1	True	True	True	TAGG	GGTT	[]	GTTAGGGTTAGGGTTAGGGTTAGGGTTAGGGTTAGGGTTAGGTTAGGGTTAGGGTTAGGGTTAGGGTTAGGGTTAGGGTT
GCF_001643675.1_Monocercomonoides_exilis	NW_027150557.1	609	733	124	-	rna-XM_067870189.1	CT	AC	0.9677	template-strand	CCCTAA	100	0.806	2	True	True	True	TAGG	GGTT	['NEAR_CONTIG_START']	CTAACCCTAGTTTAACCCTAACCCTAACCCTAACCCTAACCCTAACCCTAACCCTAACCCTAACCCTAACCCTAACCCTA
GCF_001643675.1_Monocercomonoides_exilis	NW_027150557.1	862	915	53	-	rna-XM_067870189.1	CT	AC	1.0	template-strand	CCCTAA	53	1.0	0	True	True	True	TAGG	GGTT	['DUPLICATE_SEQ(19x)', 'NEAR_CONTIG_START', 'PERFECTLY_PERIODIC']	CTAACCCTAACCCTAACCCTAACCCTAACCCTAACCCTAACCCTAACCCTAAC
GCF_001643675.1_Monocercomonoides_exilis	NW_027150557.1	1215	1268	53	-	rna-XM_067870189.1	CT	AC	1.0	template-strand	CCCTAA	53	1.0	0	True	True	True	TAGG	GGTT	['DUPLICATE_SEQ(19x)', 'PERFECTLY_PERIODIC']	CTAACCCTAACCCTAACCCTAACCCTAACCCTAACCCTAACCCTAACCCTAAC
GCF_001643675.1_Monocercomonoides_exilis	NW_027150557.1	1556	1721	165	-	rna-XM_067870189.1	CT	AC	1.0	template-strand	CCCTAA	165	1.0	0	True	True	True	TAGG	GGTT	[]	CTAACCCTAACCCTAACCTAACCTAACCCTAACCCTAACCCTAACCCTAACCCTAACCCTAACCCTAACCCTAACCCTAA
GCF_001643675.1_Monocercomonoides_exilis	NW_027150557.1	2098	2180	82	-	rna-XM_067870189.1	CT	AC	1.0	template-strand	CCCTAA	82	1.0	0	True	True	True	TAGG	GGTT	['DUPLICATE_SEQ(2x)', 'PERFECTLY_PERIODIC']	CTAACCCTAACCCTAACCCTAACCCTAACCCTAACCCTAACCCTAACCCTAACCCTAACCCTAACCCTAACCCTAACCTA
GCF_001643675.1_Monocercomonoides_exilis	NW_027150557.1	2318	2473	155	-	rna-XM_067870189.1	CT	AC	1.0	template-strand	CCCTAA	155	1.0	0	True	True	True	TAGG	GGTT	[]	CTAACCCTAACCCTAACCCTAACCCTAACCCTAACCCTAACCCTAACCCTAACCCTAACCCTAACCCTAACCCTAACCCT
GCF_001643675.1_Monocercomonoides_exilis	NW_027150557.1	3091	3143	52	-	rna-XM_067870189.1	CT	AC	1.0	template-strand	CCCTAA	52	1.0	0	True	True	True	TAGG	GGTT	[]	CTAACCCTAACCCTAACCCTAACCCTAACCCTAACCTAACCCTAACCCTAAC
GCF_001643675.1_Monocercomonoides_exilis	NW_027150557.1	3277	3561	284	-	rna-XM_067870189.1	CT	AC	1.0	template-strand	CCCTAA	284	1.0	0	True	True	True	TAGG	GGTT	[]	CTAACCCTACCCTAACCCTAACCCTAACCCTAACCCTAACCCTAACCCTAACCCTAACCCTAACCCTAACCCTAACCCTA
GCF_001643675.1_Monocercomonoides_exilis	NW_027150557.1	1862335	1862583	248	+	rna-XM_067870243.1	GT	AG	1.0	coding-strand	TTAGGG	248	1.0	0	True	True	True	TAGG	GGTT	[]	GTTAGGGTTAGGGTTAGGGTTAGGGTTAGGGTTAGGGTTAGGGTTAGGGTTAGGGTTAGGGTTAGGGTTAGGGTTAGGGT
GCF_001643675.1_Monocercomonoides_exilis	NW_027150557.1	1862763	1862966	203	+	rna-XM_067870243.1	GT	AG	0.9655	coding-strand	TTAGGG	190	0.936	1	True	True	True	TAGG	GGTT	[]	GTTAGGTTAGGGTTAGGGTTAGGTTAGGGTTAGGGTTAGGGTTAGGGTTAGGGTTAGGGTTAGGGTTAGGGTTAGGTTAG
GCF_001643675.1_Monocercomonoides_exilis	NW_027150557.1	1863068	1863121	53	+	rna-XM_067870243.1	GT	AG	1.0	coding-strand	TTAGGG	53	1.0	0	True	True	True	TAGG	GGTT	['DUPLICATE_SEQ(22x)', 'PERFECTLY_PERIODIC']	GTTAGGGTTAGGGTTAGGGTTAGGGTTAGGGTTAGGGTTAGGGTTAGGGTTAG
GCF_001643675.1_Monocercomonoides_exilis	NW_027150557.1	1863518	1863571	53	+	rna-XM_067870243.1	GT	AG	1.0	coding-strand	TTAGGG	53	1.0	0	True	True	True	TAGG	GGTT	['DUPLICATE_SEQ(22x)', 'PERFECTLY_PERIODIC']	GTTAGGGTTAGGGTTAGGGTTAGGGTTAGGGTTAGGGTTAGGGTTAGGGTTAG
GCF_001643675.1_Monocercomonoides_exilis	NW_027150557.1	1863702	1863831	129	+	rna-XM_067870243.1	GT	AG	1.0	coding-strand	TTAGGG	129	1.0	0	True	True	True	TAGG	GGTT	[]	GTTAGGGTTAGGGTTAGGGTTAGGGTTAGGGTTAGGGTTAGGGTTAGGGTTAGGGTTAGGGTTAGGGTTAGGGTTAGGGT
GCF_001643675.1_Monocercomonoides_exilis	NW_027150558.1	594	683	89	-	rna-XM_067870244.1	CT	AC	1.0	template-strand	CCCTAA	89	1.0	0	True	True	True	TAGG	GGTT	['NEAR_CONTIG_START']	CTAACCCTAACCCTAACCCTAACCTAACCCTAACCCTAACCCTAACCCTAACCCTAACCCTAACCCTAACCCTAACCCTA
GCF_001643675.1_Monocercomonoides_exilis	NW_027150558.1	797	850	53	-	rna-XM_067870244.1	CT	AC	1.0	template-strand	CCCTAA	53	1.0	0	True	True	True	TAGG	GGTT	['DUPLICATE_SEQ(19x)', 'NEAR_CONTIG_START', 'PERFECTLY_PERIODIC']	CTAACCCTAACCCTAACCCTAACCCTAACCCTAACCCTAACCCTAACCCTAAC
GCF_001643675.1_Monocercomonoides_exilis	NW_027150558.1	1102	1219	117	-	rna-XM_067870244.1	CT	AC	1.0	template-strand	CCCTAA	117	1.0	0	True	True	True	TAGG	GGTT	[]	CTAACCCTAACCCTAACCCTAACCTAACCCTAACCCTAACCCTAACCCTAACCCTAACCCTAACCCTAACCCTAACCCTA
GCF_001643675.1_Monocercomonoides_exilis	NW_027150558.1	1297	1402	105	-	rna-XM_067870244.1	CT	AC	1.0	template-strand	CCCTAA	105	1.0	0	True	True	True	TAGG	GGTT	[]	CTAACCCTAACCCTAACCCTAACCCTAACCCTAACCCTAACCCTAACCCTAACCCTAACCCTAACCTAACCCTAACCCTA
GCF_001643675.1_Monocercomonoides_exilis	NW_027150558.1	1505	1567	62	-	rna-XM_067870244.1	CT	AC	1.0	template-strand	CCCTAA	62	1.0	0	True	True	True	TAGG	GGTT	[]	CTAACCCTAACCTAACCCTAACCTAACCCTAACCCTAACCCTAACCTAACCCTAACCCTAAC
GCF_001643675.1_Monocercomonoides_exilis	NW_027150558.1	1692	1798	106	-	rna-XM_067870244.1	CT	AC	1.0	template-strand	CCCTAA	106	1.0	0	True	True	True	TAGG	GGTT	['PERFECTLY_PERIODIC']	CTAACCCTAACCCTAACCCTAACCCTAACCCTAACCCTAACCCTAACCCTAACCCTAACCCTAACCCTAACCCTAACCCT
GCF_001643675.1_Monocercomonoides_exilis	NW_027150558.1	1865	1957	92	-	rna-XM_067870244.1	CT	AC	1.0	template-strand	CCCTAA	92	1.0	0	True	True	True	TAGG	GGTT	[]	CTAACCTAACCCTAACCCTAACCTAACCCTAACCCTAACCCTAACCTAACCCTAACCCTAACCCTAACCCTAACCCTAAC
GCF_001643675.1_Monocercomonoides_exilis	NW_027150558.1	2083	2172	89	-	rna-XM_067870244.1	CT	AC	1.0	template-strand	CCCTAA	89	1.0	0	True	True	True	TAGG	GGTT	[]	CTAACCCCTAACCCTAACCTAACCCTAACCCTAACCCTAACCCTAACCCTAACCCTAACCCTAACCCTAACCCTAACCCT
GCF_001643675.1_Monocercomonoides_exilis	NW_027150558.1	2352	2876	524	-	rna-XM_067870244.1	CT	AC	0.9943	template-strand	CCCTAA	480	0.916	2	True	True	True	TAGG	GGTT	[]	CTAACCCTAACCCTAACCCTAACCTAACCCTAACCCTAACCCTAACCCTAACCCTAACCCTAACCCTAACCCTAACCCTA
GCF_001643675.1_Monocercomonoides_exilis	NW_027150559.1	1856004	1856331	327	+	rna-XM_067870298.1	GT	AG	0.945	coding-strand	TTAGGG	202	0.618	1	True	False	True	TGAA	GGTT	[]	GTTGAATACACTTAATTGTTAGGTTAGGTTAGGGTTAGGTTAGGTTAGGTTAGGGTTAGGGTTAGGGTTAGGTTAGGGTT
GCF_001643675.1_Monocercomonoides_exilis	NW_027150559.1	1856439	1856555	116	+	rna-XM_067870298.1	GT	AG	0.9397	coding-strand	TTAGGG	103	0.888	1	True	True	True	TAGG	GGTT	[]	GTTAGGGTTAGGTTAGGGTTAGGGTTAGGGTTAGGGTTAGGGTTAGGGTTAGGGTTAGGGTTAGGGTTAGGGTTAGGGTT
GCF_001643675.1_Monocercomonoides_exilis	NW_027150559.1	1856711	1856869	158	+	rna-XM_067870298.1	GT	AG	0.981	coding-strand	TTAGGG	149	0.943	1	True	True	True	TAGG	GGTT	[]	GTTAGGGTTAGGGTTAGGGTTAGGGTTAGGGTTAGGGTTAGGTTAGGGTTAGGGTTAGGGTTAGGGTTAGGGTTAGGGTT
GCF_001643675.1_Monocercomonoides_exilis	NW_027150559.1	1856947	1857000	53	+	rna-XM_067870298.1	GT	AG	1.0	coding-strand	TTAGGG	53	1.0	0	True	True	True	TAGG	GGTT	['DUPLICATE_SEQ(22x)', 'PERFECTLY_PERIODIC']	GTTAGGGTTAGGGTTAGGGTTAGGGTTAGGGTTAGGGTTAGGGTTAGGGTTAG
GCF_001643675.1_Monocercomonoides_exilis	NW_027150559.1	1857096	1857149	53	+	rna-XM_067870298.1	GT	AG	1.0	coding-strand	TTAGGG	53	1.0	0	True	True	True	TAGG	GGTT	['DUPLICATE_SEQ(22x)', 'PERFECTLY_PERIODIC']	GTTAGGGTTAGGGTTAGGGTTAGGGTTAGGGTTAGGGTTAGGGTTAGGGTTAG
GCF_001643675.1_Monocercomonoides_exilis	NW_027150559.1	1857251	1857338	87	+	rna-XM_067870298.1	GT	AG	1.0	coding-strand	TTAGGG	87	1.0	0	True	True	True	TAGG	GGTT	[]	GTTAGGGTTAGGGTTAGGGTTAGGGTTAGGGTTAGGGTTAGGGTTAGGGTTAGGGTTAGGGTTAGGTTAGGGTTAGGGTT
GCF_001643675.1_Monocercomonoides_exilis	NW_027150559.1	1857483	1857586	103	+	rna-XM_067870298.1	GT	AG	1.0	coding-strand	TTAGGG	103	1.0	0	True	True	True	TAGG	GGTT	[]	GTTAGGTTAGGGTTAGGTTAGGGTTAGGGTTAGGGTTAGGGTTAGGTTAGGGTTAGGGTTAGGGTTAGGGTTAGGTTAGG
GCF_001643675.1_Monocercomonoides_exilis	NW_027150559.1	1857785	1857838	53	+	rna-XM_067870298.1	GT	AG	1.0	coding-strand	TTAGGG	53	1.0	0	True	True	True	TAGG	GGTT	['DUPLICATE_SEQ(22x)', 'PERFECTLY_PERIODIC']	GTTAGGGTTAGGGTTAGGGTTAGGGTTAGGGTTAGGGTTAGGGTTAGGGTTAG
GCF_001643675.1_Monocercomonoides_exilis	NW_027150559.1	1858103	1858155	52	+	rna-XM_067870298.1	GT	AG	1.0	coding-strand	TTAGGG	52	1.0	0	True	True	True	TAGG	GGTT	['DUPLICATE_SEQ(4x)']	GTTAGGGTTAGGGTTAGGGTTAGGTTAGGGTTAGGGTTAGGGTTAGGGTTAG
GCF_001643675.1_Monocercomonoides_exilis	NW_027150560.1	847	901	54	-	rna-XM_067870299.1	CT	AC	1.0	template-strand	CCCTAA	54	1.0	0	True	True	True	TAGG	GGTT	['NEAR_CONTIG_START']	CTAACCCTAACCCTAACCCTAACCCTAACCCTAACCCTAACCCTAACCCCTAAC
GCF_001643675.1_Monocercomonoides_exilis	NW_027150560.1	1021	1144	123	-	rna-XM_067870299.1	CT	AC	1.0	template-strand	CCCTAA	123	1.0	0	True	True	True	TAGG	GGTT	[]	CTAACCCTAACCCTAACCCTAACCCTAACCCTAACCCTAACCCTAACCCTAACCCTAACCCTAACCCTAACCCTAACCCT
GCF_001643675.1_Monocercomonoides_exilis	NW_027150560.1	1260	1314	54	-	rna-XM_067870299.1	CT	AC	1.0	template-strand	CCCTAA	54	1.0	0	True	True	True	TAGG	GGTT	['DUPLICATE_SEQ(3x)']	CTAACCCCTAACCCTAACCCTAACCCTAACCCTAACCCTAACCCTAACCCTAAC
GCF_001643675.1_Monocercomonoides_exilis	NW_027150560.1	1467	1570	103	-	rna-XM_067870299.1	CT	AC	1.0	template-strand	CCCTAA	103	1.0	0	True	True	True	TAGG	GGTT	[]	CTAACCCTAACCCTAACCCTAACCCCTAACCCTAACCCTAACCCTAACCCTAACCCTAACCCTAACCCTAACCCTAACCC
GCF_001643675.1_Monocercomonoides_exilis	NW_027150560.1	1698	1936	238	-	rna-XM_067870299.1	CT	AC	1.0	template-strand	CCCTAA	238	1.0	0	True	True	True	TAGG	GGTT	[]	CTAACCCCTAACCCTAACCCTAACCCTAACCCTAACCCTAACCCTAACCCTAACCCTAACCCTAACCCTAACCCTAACCC
GCF_001643675.1_Monocercomonoides_exilis	NW_027150561.1	1732473	1732635	162	+	rna-XM_067870356.1	GT	AG	0.9136	coding-strand	TTAGGG	97	0.599	2	True	True	True	TAGG	GGTT	[]	GTTAGGGTTCAAACTAGGTTAGGGTTAGGGTTAGGGTTAGGGTTAGGGGTTAGGGTTAGGGGTTAGGGTTAGGGTTAGGG
GCF_001643675.1_Monocercomonoides_exilis	NW_027150561.1	1732724	1732786	62	+	rna-XM_067870356.1	GT	AG	0.8871	coding-strand	TTAGGG	49	0.79	1	True	True	True	TAGG	GGTT	[]	GTTAGGTTAGGGTTAGGGTTAGGTTAGGGTTAGGGTTAGGGTTAGGGTTCAAACTAGGTTAG
GCF_001643675.1_Monocercomonoides_exilis	NW_027150561.1	1732894	1732970	76	+	rna-XM_067870356.1	GT	AG	1.0	coding-strand	TTAGGG	76	1.0	0	True	True	True	TAGG	GGTT	['PERFECTLY_PERIODIC']	GTTAGGGTTAGGGTTAGGGTTAGGGTTAGGGTTAGGGTTAGGGTTAGGGTTAGGGTTAGGGTTAGGGTTAGGTTAG
GCF_001643675.1_Monocercomonoides_exilis	NW_027150561.1	1733085	1733198	113	+	rna-XM_067870356.1	GT	AG	0.9823	coding-strand	TTAGGG	59	0.522	1	True	True	True	TAGG	GGTT	[]	GTTAGGGGTTAGGGTTAGGGTTAGGGTTAGGGTTAGGGTTAGGGTTAGGGTTTAGGGTTTAGGTTAGGTTAGGGTTAGGG
GCF_001643675.1_Monocercomonoides_exilis	NW_027150561.1	1733684	1733890	206	+	rna-XM_067870356.1	GT	AG	1.0	coding-strand	TTAGGG	206	1.0	0	True	True	True	TAGG	GGTT	[]	GTTAGGTTAGGGTTAGGGTTAGGGTTAGGGTTAGGGTTAGGGTTAGGGTTAGGGTTAGGGTTAGGGTTAGGGTTAGGGTT
GCF_001643675.1_Monocercomonoides_exilis	NW_027150562.1	1644461	1644663	202	+	rna-XM_067870378.1	GT	AG	1.0	coding-strand	TTAGGG	202	1.0	0	True	True	True	TAGG	GGTT	[]	GTTAGGGTTAGGTTAGGGTTAGGGTTAGGGTTAGGGTTAGGGTTAGGGTTAGGGTTAGGGTTAGGGTTAGGGTTAGGTTA
GCF_001643675.1_Monocercomonoides_exilis	NW_027150562.1	1644790	1644951	161	+	rna-XM_067870378.1	GT	AG	1.0	coding-strand	TTAGGG	161	1.0	0	True	True	True	TAGG	GGTT	[]	GTTAGGTTAGGGTTAGGGTTAGGGTTAGGGTTAGGGTTAGGGTTAGGGTTAGGGTTAGGGTTAGGGTTAGGGTTAGGGTT
GCF_001643675.1_Monocercomonoides_exilis	NW_027150562.1	1645023	1645527	504	+	rna-XM_067870378.1	GT	AG	0.9861	coding-strand	TTAGGG	333	0.661	1	True	True	True	TAGG	GGTT	[]	GTTAGGTTAGGGTTAGGGTTAGGTTAGGGTTAGGGTTAGGTTAGGGTTAGGGTTAGGGTTAGGGTTAGGTTAGGTTAGGG
GCF_001643675.1_Monocercomonoides_exilis	NW_027150562.1	1645659	1645798	139	+	rna-XM_067870378.1	GT	AG	0.9424	coding-strand	TTAGGG	91	0.655	2	True	True	True	TAGG	GGTT	[]	GTTAGGGTTCAAACTAGGTTAGGGTTAGGGTTAGGTTAGGGTTAGGGTTAGGGTTAGGGTTAGGTTAGGGTTAGGGTTAG
GCF_001643675.1_Monocercomonoides_exilis	NW_027150562.1	1646001	1646061	60	+	rna-XM_067870378.1	GT	AG	0.9167	coding-strand	TTAGGG	45	0.75	1	True	True	True	TAGG	GGTT	[]	GTTAGGTTAGGGTTAGGGTTAGGTTAGGGTTAGGGTTAGGTTAGGTTCAAACTAGGTTAG
GCF_001643675.1_Monocercomonoides_exilis	NW_027150562.1	1646230	1646281	51	+	rna-XM_067870378.1	GT	AG	1.0	coding-strand	TTAGGG	51	1.0	0	True	True	True	TAGG	GGTT	[]	GTTAGGTTAGGGTTAGGGTTAGGTTAGGGTTAGGGTTAGGGTTAGGGTTAG
GCF_001643675.1_Monocercomonoides_exilis	NW_027150562.1	1646521	1646573	52	+	rna-XM_067870378.1	GT	AG	1.0	coding-strand	TTAGGG	52	1.0	0	True	True	True	TAGG	GGTT	['DUPLICATE_SEQ(4x)']	GTTAGGGTTAGGGTTAGGGTTAGGTTAGGGTTAGGGTTAGGGTTAGGGTTAG
GCF_001643675.1_Monocercomonoides_exilis	NW_027150563.1	1594558	1594639	81	+	rna-XM_067870401.1	GT	AG	0.9136	coding-strand	TTAGGG	68	0.84	1	True	True	True	TAGG	GGTT	[]	GTTAGGTTAGGGTTAGGTTAGGGTTAGGGTTAGGTTAGGTTAGGTTAGGTTAGGTTAGGGTTAGGGTTCAAACTAGGTTA
GCF_001643675.1_Monocercomonoides_exilis	NW_027150563.1	1594682	1594858	176	+	rna-XM_067870401.1	GT	AG	1.0	coding-strand	TTAGGG	176	1.0	0	True	True	True	TAGG	GGTT	[]	GTTAGGTTAGGGTTAGGGTTAGGGTTAGGTTAGGGTTAGGGTTAGGGTTAGGTTAGGGTTAGGGTTAGGGTTAGGGTTAG
GCF_001643675.1_Monocercomonoides_exilis	NW_027150563.1	1594930	1594993	63	+	rna-XM_067870401.1	GT	AG	1.0	coding-strand	TTAGGG	63	1.0	0	True	True	True	TAGG	GGTT	[]	GTTAGGTTAGGTTAGGGTTAGGGTTAGGGTTAGGGTTAGGGTTAGGGTTAGGGTTAGGGTTAG
GCF_001643675.1_Monocercomonoides_exilis	NW_027150563.1	1595149	1595231	82	+	rna-XM_067870401.1	GT	AG	1.0	coding-strand	TTAGGG	82	1.0	0	True	True	True	TAGG	GGTT	['DUPLICATE_SEQ(2x)']	GTTAGGTTAGGGTTAGGGTTAGGGTTAGGGTTAGGGTTAGGGTTAGGGTTAGGGTTAGGGTTAGGGTTAGGGTTAGGGTT
GCF_001643675.1_Monocercomonoides_exilis	NW_027150563.1	1595410	1595490	80	+	rna-XM_067870401.1	GT	AG	1.0	coding-strand	TTAGGG	80	1.0	0	True	True	True	TAGG	GGTT	[]	GTTAGGTTAGGGTTAGGGTTAGGGTTAGGGTTAGGGTTAGGGTTAGGGTTAGGGTTAGGGTTAGGGTTAGGTTAGGTTAG
GCF_001643675.1_Monocercomonoides_exilis	NW_027150563.1	1595557	1595615	58	+	rna-XM_067870401.1	GT	AG	1.0	coding-strand	TTAGGG	58	1.0	0	True	True	True	TAGG	GGTT	['DUPLICATE_SEQ(3x)']	GTTAGGTTAGGGTTAGGGTTAGGGTTAGGGTTAGGGTTAGGGTTAGGGTTAGGGTTAG
GCF_001643675.1_Monocercomonoides_exilis	NW_027150563.1	1595728	1595781	53	+	rna-XM_067870401.1	GT	AG	1.0	coding-strand	TTAGGG	53	1.0	0	True	True	True	TAGG	GGTT	['DUPLICATE_SEQ(22x)', 'PERFECTLY_PERIODIC']	GTTAGGGTTAGGGTTAGGGTTAGGGTTAGGGTTAGGGTTAGGGTTAGGGTTAG
GCF_001643675.1_Monocercomonoides_exilis	NW_027150563.1	1596016	1596074	58	+	rna-XM_067870401.1	GT	AG	1.0	coding-strand	TTAGGG	58	1.0	0	True	True	True	TAGG	GGTT	['DUPLICATE_SEQ(3x)']	GTTAGGTTAGGGTTAGGGTTAGGGTTAGGGTTAGGGTTAGGGTTAGGGTTAGGGTTAG
GCF_001643675.1_Monocercomonoides_exilis	NW_027150563.1	1596290	1596536	246	+	rna-XM_067870401.1	GT	AG	1.0	coding-strand	TTAGGG	246	1.0	0	True	True	True	TAGG	GGTT	[]	GTTAGGTTAGGGTTAGGGTTAGGGTTAGGGTTAGGGTTAGGTTAGGGTTAGGGTTAGGGTTAGGGTTAGGGTTAGGGTTA
GCF_001643675.1_Monocercomonoides_exilis	NW_027150565.1	1769	1859	90	-	rna-XM_067870434.1	CT	AC	1.0	template-strand	CCCTAA	90	1.0	0	True	True	True	TAGG	GGTT	[]	CTAACCCTAACCCTAACCCTAACCCTAACCCTAACCCTAACCCTAACCCTAACCCTAACCCTAACCCTAACCCTAACCCT
GCF_001643675.1_Monocercomonoides_exilis	NW_027150565.1	1993	2205	212	-	rna-XM_067870434.1	CT	AC	1.0	template-strand	CCCTAA	212	1.0	0	True	True	True	TAGG	GGTT	[]	CTAACCCTAACCCTAACCCTAACCCTAACCCTAACCCTAACCCTAACCCTAACCCTAACCCCTAACCCTAACCCTAACCC
GCF_001643675.1_Monocercomonoides_exilis	NW_027150565.1	2483	2536	53	-	rna-XM_067870434.1	CT	AC	1.0	template-strand	CCCTAA	53	1.0	0	True	True	True	TAGG	GGTT	['DUPLICATE_SEQ(19x)', 'PERFECTLY_PERIODIC']	CTAACCCTAACCCTAACCCTAACCCTAACCCTAACCCTAACCCTAACCCTAAC
GCF_001643675.1_Monocercomonoides_exilis	NW_027150565.1	2550	2603	53	-	rna-XM_067870434.1	CT	AC	1.0	template-strand	CCCTAA	53	1.0	0	True	True	True	TAGG	GGTT	['DUPLICATE_SEQ(19x)', 'PERFECTLY_PERIODIC']	CTAACCCTAACCCTAACCCTAACCCTAACCCTAACCCTAACCCTAACCCTAAC
GCF_001643675.1_Monocercomonoides_exilis	NW_027150567.1	1374581	1374718	137	+	rna-XM_067870521.1	GT	AG	1.0	coding-strand	TTAGGG	120	0.876	1	True	True	True	TAGG	GGTT	[]	GTTAGGGTTAGGGTTAAGGTTAGGGTTAGGGTTAGGGTTAGGGTTAGGGTTAGGTTAGGGTTAGGGTTAGGGTTAGGGTT
GCF_001643675.1_Monocercomonoides_exilis	NW_027150567.1	1374832	1375340	508	+	rna-XM_067870521.1	GT	AG	1.0	coding-strand	TTAGGG	508	1.0	0	True	True	True	TAGG	GGTT	[]	GTTAGGGTTAGGTTAGGGTTAGGGTTAGGGTTAGGGTTAGGGTTAGGGTTAGGGTTAGGGTTAGGGTTAGGGTTAGGGTT
GCF_001643675.1_Monocercomonoides_exilis	NW_027150567.1	1375629	1375725	96	+	rna-XM_067870521.1	GT	AG	1.0	coding-strand	TTAGGG	96	1.0	0	True	True	True	TAGG	GGTT	[]	GTTAGGTTAGGGTTAGGGTTAGGTTAGGGTTAGGGTTAGGTTAGGGTTAGGGTTAGGGTTAGGGTTAGGTTAGGTTAGGG
GCF_001643675.1_Monocercomonoides_exilis	NW_027150567.1	1376360	1376411	51	+	rna-XM_067870521.1	GT	AG	1.0	coding-strand	TTAGGG	51	1.0	0	True	True	True	TAGG	GGTT	[]	GTTAGGGTTAGGTTAGGGTTAGGTTAGGGTTAGGGTTAGGGTTAGGGTTAG
GCF_001643675.1_Monocercomonoides_exilis	NW_027150567.1	1376574	1376692	118	+	rna-XM_067870521.1	GT	AG	1.0	coding-strand	TTAGGG	118	1.0	0	True	True	True	TAGG	GGTT	[]	GTTAGGTTAGGGTTAGGGTTAGGGTTAGGGTTAGGGTTAGGGTTAGGGTTAGGGTTAGGGTTAGGGTTAGGGTTAGGGTT
GCF_001643675.1_Monocercomonoides_exilis	NW_027150567.1	1376812	1376936	124	+	rna-XM_067870521.1	GT	AG	1.0	coding-strand	TTAGGG	124	1.0	0	True	True	True	TAGG	GGTT	[]	GTTAGGTTAGGGTTAGGGTTAGGGTTAGGGTTAGGGTTAGGGTTAGGGTTAGGGTTAGGGTTAGGGTTAGGGTTAGGGTT
GCF_001643675.1_Monocercomonoides_exilis	NW_027150567.1	1377025	1377077	52	+	rna-XM_067870521.1	GT	AG	1.0	coding-strand	TTAGGG	52	1.0	0	True	True	True	TAGG	GGTT	['DUPLICATE_SEQ(2x)']	GTTAGGGTTAGGGTTAGGGTTAGGGTTAGGTTAGGGTTAGGGTTAGGGTTAG
GCF_001643675.1_Monocercomonoides_exilis	NW_027150567.1	1377378	1377518	140	+	rna-XM_067870521.1	GT	AG	1.0	coding-strand	TTAGGG	140	1.0	0	True	True	True	TAGG	GGTT	[]	GTTAGGTTAGGGTTAGGTTAGGGTTAGGGTTAGGGTTAGGGTTAGGGTTAGGGTTAGGGTTAGGTTAGGGTTAGGGTTAG
GCF_001643675.1_Monocercomonoides_exilis	NW_027150567.1	1377728	1377845	117	+	rna-XM_067870521.1	GT	AG	1.0	coding-strand	TTAGGG	117	1.0	0	True	True	True	TAGG	GGTT	[]	GTTAGGTTAGGGTTAGGTTAGGGTTAGGGTTAGGGTTAGGGTTAGGGTTAGGGTTAGGGTTAGGGTTAGGGTTAGGGTTA
GCF_001643675.1_Monocercomonoides_exilis	NW_027150567.1	1377935	1377988	53	+	rna-XM_067870521.1	GT	AG	1.0	coding-strand	TTAGGG	53	1.0	0	True	True	True	TAGG	GGTT	['DUPLICATE_SEQ(22x)', 'PERFECTLY_PERIODIC']	GTTAGGGTTAGGGTTAGGGTTAGGGTTAGGGTTAGGGTTAGGGTTAGGGTTAG
GCF_001643675.1_Monocercomonoides_exilis	NW_027150567.1	1378305	1378414	109	+	rna-XM_067870521.1	GT	AG	1.0	coding-strand	TTAGGG	109	1.0	0	True	True	True	TAGG	GGTT	[]	GTTAGGGTTAGGGTTAGGGTTAGGTTAGGGTTAGGGTTAGGGTTAGGTTAGGGTTAGGGTTAGGTTAGGGTTAGGTTAGG
GCF_001643675.1_Monocercomonoides_exilis	NW_027150569.1	1334371	1334584	213	+	rna-XM_067870561.1	GT	AG	0.9531	coding-strand	TTAGGG	177	0.831	2	True	True	True	TAGG	GGTT	[]	GTTAGGTTCAAACTAGGTTAGGGTTAGGTTAGGGTTAGGTTAGGGTTAGGTTAGGGTTAGGGTTAGGTTAGGGTTAGGGT
GCF_001643675.1_Monocercomonoides_exilis	NW_027150569.1	1335298	1335352	54	+	rna-XM_067870561.1	GT	AG	1.0	coding-strand	TTAGGG	54	1.0	0	True	True	True	TAGG	GGTT	[]	GTTAGGGTTAGGGGTTAGGGTTAGGGTTAGGGTTAGGGTTAGGGTTAGGGTTAG
GCF_001643675.1_Monocercomonoides_exilis	NW_027150569.1	1335634	1335684	50	+	rna-XM_067870561.1	GT	AG	1.0	coding-strand	TTAGGG	50	1.0	0	True	True	True	TAGG	GGTT	[]	GTTAGGTTAGGGTTAGGGTTAGGTTAGGTTAGGGTTAGGGTTAGGGTTAG
GCF_001643675.1_Monocercomonoides_exilis	NW_027150569.1	1335773	1335825	52	+	rna-XM_067870561.1	GT	AG	1.0	coding-strand	TTAGGG	52	1.0	0	True	True	True	TAGG	GGTT	['DUPLICATE_SEQ(4x)']	GTTAGGGTTAGGGTTAGGGTTAGGTTAGGGTTAGGGTTAGGGTTAGGGTTAG
GCF_001643675.1_Monocercomonoides_exilis	NW_027150569.1	1336228	1336316	88	+	rna-XM_067870561.1	GT	AG	1.0	coding-strand	TTAGGG	88	1.0	0	True	True	True	TAGG	GGTT	[]	GTTAGGTTAGGGTTAGGGTTAGGGTTAGGGTTAGGGTTAGGGTTAGGGTTAGGGTTAGGGTTAGGGTTAGGGTTAGGGTT
GCF_001643675.1_Monocercomonoides_exilis	NW_027150569.1	1336438	1336502	64	+	rna-XM_067870561.1	GT	AG	1.0	coding-strand	TTAGGG	64	1.0	0	True	True	True	TAGG	GGTT	[]	GTTAGGGTTAGGGTTAGGGTTAGGGTTAGGGTTAGGGTTAGGTTAGGGTTAGGGTTAGGGTTAG
GCF_001643675.1_Monocercomonoides_exilis	NW_027150570.1	1333447	1333536	89	+	rna-XM_067870588.1	GT	AG	1.0	coding-strand	TTAGGG	89	1.0	0	True	True	True	TAGG	GGTT	[]	GTTAGGTTAGGTTAGGTTAGGTTAGGGTTAGGGTTAGGGTTAGGGTTAGGGTTAGGGTTAGGGTTAGGTTAGGGTTAGGG
GCF_001643675.1_Monocercomonoides_exilis	NW_027150570.1	1333836	1334086	250	+	rna-XM_067870588.1	GT	AG	1.0	coding-strand	TTAGGG	250	1.0	0	True	True	True	TAGG	GGTT	[]	GTTAGGGTTAGGGTTAGGGTTAGGGTTAGGGTTAGGGTTAGGTTAGGGTTAGGTTAGGGTTAGGGTTAGGGTTAGGGTTA
GCF_001643675.1_Monocercomonoides_exilis	NW_027150570.1	1334338	1334390	52	+	rna-XM_067870588.1	GT	AG	1.0	coding-strand	TTAGGG	52	1.0	0	True	True	True	TAGG	GGTT	['DUPLICATE_SEQ(3x)']	GTTAGGGTTAGGGTTAGGTTAGGGTTAGGGTTAGGGTTAGGGTTAGGGTTAG
GCF_001643675.1_Monocercomonoides_exilis	NW_027150570.1	1334697	1334803	106	+	rna-XM_067870588.1	GT	AG	1.0	coding-strand	TTAGGG	106	1.0	0	True	True	True	TAGG	GGTT	[]	GTTAGGTTAGGGTTAGGGTTAGGGTTAGGGTTAGGGTTAGGGTTAGGGTTAGGGTTAGGGTTAGGGTTAGGGTTAGGGTT
GCF_001643675.1_Monocercomonoides_exilis	NW_027150570.1	1334875	1334932	57	+	rna-XM_067870588.1	GT	AG	1.0	coding-strand	TTAGGG	57	1.0	0	True	True	True	TAGG	GGTT	[]	GTTAGGTTAGGGTTAGGGTTAGGTTAGGGTTAGGGTTAGGGTTAGGGTTAGGGTTAG
GCF_001643675.1_Monocercomonoides_exilis	NW_027150570.1	1335327	1335438	111	+	rna-XM_067870588.1	GT	AG	1.0	coding-strand	TTAGGG	111	1.0	0	True	True	True	TAGG	GGTT	[]	GTTAGGGTTAGGGTTAGGGTTAGGGTTAGGGTTAGGGTTAGGGTTAGGGTTAGGGTTAGGGTTAGGGTTAGGGTTAGGGT
GCF_001643675.1_Monocercomonoides_exilis	NW_027150570.1	1335523	1335610	87	+	rna-XM_067870588.1	GT	AG	1.0	coding-strand	TTAGGG	87	1.0	0	True	True	True	TAGG	GGTT	[]	GTTAGGTTAGGGTTAGGGTTAGGGTTAGGGTTAGGGTTAGGGTTAGGTTAGGGTTAGGGTTAGGGTTAGGGTTAGGGTTA
GCF_001643675.1_Monocercomonoides_exilis	NW_027150570.1	1335808	1335995	187	+	rna-XM_067870588.1	GT	AG	1.0	coding-strand	TTAGGG	187	1.0	0	True	True	True	TAGG	GGTT	[]	GTTAGGTTAGGGTTAGGGTTAGGGTTAGGTTAGGGTTAGGTTAGGGTTAGGGTTAGGGTTAGGGTTAGGGTTAGGGTTAG
GCF_001643675.1_Monocercomonoides_exilis	NW_027150570.1	1336187	1336264	77	+	rna-XM_067870588.1	GT	AG	0.974	coding-strand	TTAGGG	59	0.766	2	True	True	True	TAGG	GGTT	[]	GTTAGGGTTCAGGGTTAAGGTTAGGTTAGGGTTAGGGTTAGGGTTAGGGTTAGGGTTAGGGTTAGGGTTAGGGTTAG
GCF_001643675.1_Monocercomonoides_exilis	NW_027150571.1	600	786	186	-	rna-XM_067870590.1	CT	AC	0.9247	template-strand	CCCTAA	111	0.597	2	True	True	True	TAGG	GGTT	['NEAR_CONTIG_START']	CTAACCCTAACCCTAACCTAACTTAATTTCACCCTAACCTAACCCTAACCTAACCCTAACCCTAACCCTGGACAGAACCC
GCF_001643675.1_Monocercomonoides_exilis	NW_027150571.1	1025	1113	88	-	rna-XM_067870590.1	CT	AC	1.0	template-strand	CCCTAA	88	1.0	0	True	True	True	TAGG	GGTT	['DUPLICATE_SEQ(2x)', 'PERFECTLY_PERIODIC']	CTAACCCTAACCCTAACCCTAACCCTAACCCTAACCCTAACCCTAACCCTAACCCTAACCCTAACCCTAACCCTAACCCT
GCF_001643675.1_Monocercomonoides_exilis	NW_027150571.1	1192	1290	98	-	rna-XM_067870590.1	CT	AC	0.9898	template-strand	CCCTAA	77	0.786	1	True	True	True	TAGG	GGTT	[]	CTAACCTAACCCTAACCCTAGCCTAACCCTAACCCTAACCCTAACCCTAACCCTAACCCTAACCCTAACCCTAACCCTAA
GCF_001643675.1_Monocercomonoides_exilis	NW_027150571.1	1386	1439	53	-	rna-XM_067870590.1	CT	AC	1.0	template-strand	CCCTAA	53	1.0	0	True	True	True	TAGG	GGTT	['DUPLICATE_SEQ(19x)', 'PERFECTLY_PERIODIC']	CTAACCCTAACCCTAACCCTAACCCTAACCCTAACCCTAACCCTAACCCTAAC
GCF_001643675.1_Monocercomonoides_exilis	NW_027150571.1	1552	1645	93	-	rna-XM_067870590.1	CT	AC	1.0	template-strand	CCCTAA	93	1.0	0	True	True	True	TAGG	GGTT	[]	CTAACCCTAACCCTAACCCTAACCCTAACCCTAACCCTAACCCTAACCCTAACCTAACCCTAACCCTAACCCTAACCCTA
GCF_001643675.1_Monocercomonoides_exilis	NW_027150571.1	1837	1985	148	-	rna-XM_067870590.1	CT	AC	1.0	template-strand	CCCTAA	148	1.0	0	True	True	True	TAGG	GGTT	['PERFECTLY_PERIODIC']	CTAACCCTAACCCTAACCCTAACCCTAACCCTAACCCTAACCCTAACCCTAACCCTAACCCTAACCCTAACCCTAACCCT
GCF_001643675.1_Monocercomonoides_exilis	NW_027150571.1	2177	2287	110	-	rna-XM_067870590.1	CT	AC	1.0	template-strand	CCCTAA	110	1.0	0	True	True	True	TAGG	GGTT	[]	CTAACCCTAACCCTAACCCTAACCCTAACCCTAACCCTAACCCTAACCCTAACCTAACCCTAACCCTAACCCTAACCCTA
GCF_001643675.1_Monocercomonoides_exilis	NW_027150571.1	2401	2513	112	-	rna-XM_067870590.1	CT	AC	1.0	template-strand	CCCTAA	112	1.0	0	True	True	True	TAGG	GGTT	['PERFECTLY_PERIODIC']	CTAACCCTAACCCTAACCCTAACCCTAACCCTAACCCTAACCCTAACCCTAACCCTAACCCTAACCCTAACCCTAACCCT
GCF_001643675.1_Monocercomonoides_exilis	NW_027150571.1	2711	2890	179	-	rna-XM_067870590.1	CT	AC	1.0	template-strand	CCCTAA	179	1.0	0	True	True	True	TAGG	GGTT	[]	CTAACCCTAACCCTAACCCTAACCCTAACCCTAACCCTAACCCTAACCCTAACCCTAACCCTAACCCTAACCCTAACCCT
GCF_001643675.1_Monocercomonoides_exilis	NW_027150571.1	2975	3101	126	-	rna-XM_067870590.1	CT	AC	1.0	template-strand	CCCTAA	126	1.0	0	True	True	True	TAGG	GGTT	[]	CTAACCTAACCCTAACCCTAACCTAACCCTAACCCTAACCCTAACCCTAACCCTAACCTAACCCTAACCCTAACCCTAAC
GCF_001643675.1_Monocercomonoides_exilis	NW_027150571.1	3221	3298	77	-	rna-XM_067870590.1	CT	AC	1.0	template-strand	CCCTAA	77	1.0	0	True	True	True	TAGG	GGTT	[]	CTAACCCCTAACCCTAACCCTAACCCTAACCCTAACCCTAACCCTAACCCTAACCCTAACCCTAACCTAACCCTAAC
GCF_001643675.1_Monocercomonoides_exilis	NW_027150571.1	3484	3672	188	-	rna-XM_067870590.1	CT	AC	1.0	template-strand	CCCTAA	188	1.0	0	True	True	True	TAGG	GGTT	[]	CTAACCTAACCCTAACCCTAACCTAACCCTAACCTAACCCTAACCCTAACCCTAACCTAACCCTAACCCTAACCCTAACC
GCF_001643675.1_Monocercomonoides_exilis	NW_027150573.1	1218653	1218764	111	+	rna-XM_067870687.1	GT	AG	0.9459	coding-strand	TTAGGG	104	0.937	0	True	False	True	TGCC	GGTT	[]	GTTGCCAGGTTAGGGTTAGGGTTAGGTTAGGGTTAGGGTTAGGGTTAGGGTTAGGGTTAGGGTTAGGGTTAGGTTAGGGT
GCF_001643675.1_Monocercomonoides_exilis	NW_027150573.1	1218903	1219015	112	+	rna-XM_067870687.1	GT	AG	1.0	coding-strand	TTAGGG	112	1.0	0	True	True	True	TAGG	GGTT	[]	GTTAGGGGTTAGGGTTAGGGTTAGGGTTAGGGTTAGGGTTAGGGTTAGGTTAGGGTTAGGGTTAGGGTTAGGGTTAGGGT
GCF_001643675.1_Monocercomonoides_exilis	NW_027150573.1	1219268	1219387	119	+	rna-XM_067870687.1	GT	AG	1.0	coding-strand	TTAGGG	119	1.0	0	True	True	True	TAGG	GGTT	[]	GTTAGGGTTAGGGTTAGGGTTAGGGTTAGGTTAGGGTTAGGGTTAGGGTTAGGGTTAGGGTTAGGGGTTAGGGTTAGGGT
GCF_001643675.1_Monocercomonoides_exilis	NW_027150573.1	1219749	1219946	197	+	rna-XM_067870687.1	GT	AG	1.0	coding-strand	TTAGGG	197	1.0	0	True	True	True	TAGG	GGTT	[]	GTTAGGGGTTAGGGTTAGGGTTAGGGTTAGGGTTAGGGTTAGGGTTAGGGTTAGGGTTAGGGTTAGGGTTAGGGTTAGGG
GCF_001643675.1_Monocercomonoides_exilis	NW_027150548.1	1027	1080	53	-	rna-XM_067869816.1	CT	AC	1.0	template-strand	CCCTAA	53	1.0	0	True	True	True	TAGG	GGTT	['DUPLICATE_SEQ(19x)', 'PERFECTLY_PERIODIC']	CTAACCCTAACCCTAACCCTAACCCTAACCCTAACCCTAACCCTAACCCTAAC
GCF_001643675.1_Monocercomonoides_exilis	NW_027150548.1	1273	1428	155	-	rna-XM_067869816.1	CT	AC	0.9548	template-strand	CCCTAA	142	0.916	1	True	True	True	TAGG	GGTT	[]	CTAACCTAGTTTGAACCCTAACCCTAACCTAACCCTAACCCTAACCCTAACCTAACCTAACCCTAACCCTAACCCTAACC
GCF_001643675.1_Monocercomonoides_exilis	NW_027150548.1	1629	1869	240	-	rna-XM_067869816.1	CT	AC	0.9458	template-strand	CCCTAA	216	0.9	1	True	True	True	TAGG	GGTT	[]	CTAACCTAGTTTGAACCTAGTTTGAACCCTAACCCTAACCCTAACCCTAACCCTAACCCTAACCCTAACCCTAACCCTAA
GCF_001643675.1_Monocercomonoides_exilis	NW_027150548.1	1976	2028	52	-	rna-XM_067869816.1	CT	AC	1.0	template-strand	CCCTAA	52	1.0	0	True	True	True	TAGG	GGTT	[]	CTAACCCTAACCCTAACCCTAACCCTAACCCTAACCCTAACCTAACCCTAAC
GCF_001643675.1_Monocercomonoides_exilis	NW_027150548.1	2226	2308	82	-	rna-XM_067869816.1	CT	AC	1.0	template-strand	CCCTAA	82	1.0	0	True	True	True	TAGG	GGTT	['DUPLICATE_SEQ(2x)', 'PERFECTLY_PERIODIC']	CTAACCCTAACCCTAACCCTAACCCTAACCCTAACCCTAACCCTAACCCTAACCCTAACCCTAACCCTAACCCTAACCTA
GCF_001643675.1_Monocercomonoides_exilis	NW_027150548.1	2399	2510	111	-	rna-XM_067869816.1	CT	AC	0.964	template-strand	CCCTAA	107	0.964	0	True	False	True	TTGG	GGTT	[]	CTAACCTAACCCTAACCCTAACCCTAACCCTAACCCTAACCCTAACCCTAACCCTAACCCTAACCCTAACCTAACCCTAA
GCF_001643675.1_Monocercomonoides_exilis	NW_027150548.1	2576	3101	525	-	rna-XM_067869816.1	CT	AC	0.9867	template-strand	CCCTAA	512	0.975	1	True	True	True	TAGG	GGTT	[]	CTAACCTAGTTTGAACCCTAACCCTAACCTAACCCTAACCTAACCCTAACCTAACCCTAACCCTAACCCTAACCCTAACC
GCF_001643675.1_Monocercomonoides_exilis	NW_027150576.1	882	937	55	-	rna-XM_067870727.1	CT	AC	1.0	template-strand	CCCTAA	55	1.0	0	True	True	True	TAGG	GGTT	['NEAR_CONTIG_START']	CTAACCCTAACCCCTAACCCCTAACCCTAACCCTAACCCTAACCCTAACCCTAAC
GCF_001643675.1_Monocercomonoides_exilis	NW_027150576.1	1039	1300	261	-	rna-XM_067870727.1	CT	AC	0.9847	template-strand	CCCTAA	237	0.908	1	True	True	True	TAGG	GGTT	[]	CTAACCCCTAACCCTAACCCCTAGCTAACCCTAACCCTAACCCTAACCCTAACCCTAACCCTAACCCTAACCCTAACCCT
GCF_001643675.1_Monocercomonoides_exilis	NW_027150576.1	1497	1550	53	-	rna-XM_067870727.1	CT	AC	1.0	template-strand	CCCTAA	53	1.0	0	True	True	True	TAGG	GGTT	['DUPLICATE_SEQ(19x)', 'PERFECTLY_PERIODIC']	CTAACCCTAACCCTAACCCTAACCCTAACCCTAACCCTAACCCTAACCCTAAC
GCF_001643675.1_Monocercomonoides_exilis	NW_027150576.1	1658	1710	52	-	rna-XM_067870727.1	CT	AC	1.0	template-strand	CCCTAA	52	1.0	0	True	True	True	TAGG	GGTT	['DUPLICATE_SEQ(5x)', 'PERFECTLY_PERIODIC']	CTAACCCTAACCCTAACCCTAACCCTAACCCTAACCCTAACCCTAACCTAAC
GCF_001643675.1_Monocercomonoides_exilis	NW_027150576.1	1806	1864	58	-	rna-XM_067870727.1	CT	AC	1.0	template-strand	CCCTAA	58	1.0	0	True	True	True	TAGG	GGTT	['PERFECTLY_PERIODIC']	CTAACCCTAACCCTAACCCTAACCCTAACCCTAACCCTAACCCTAACCCTAACCTAAC
GCF_001643675.1_Monocercomonoides_exilis	NW_027150576.1	1972	2101	129	-	rna-XM_067870727.1	CT	AC	1.0	template-strand	CCCTAA	129	1.0	0	True	True	True	TAGG	GGTT	[]	CTAACCCTAACCCTAACCCTAACCCTAACCTAACCCTAACCCTAACCCTAACCTAACCCTAACCCTAACCCTAACCCTAA
GCF_001643675.1_Monocercomonoides_exilis	NW_027150576.1	2191	2249	58	-	rna-XM_067870727.1	CT	AC	1.0	template-strand	CCCTAA	58	1.0	0	True	True	True	TAGG	GGTT	[]	CTAACCTAACCCTAACCCTAACCCTAACCCTAACCTAACCCTAACCCTAACCCCTAAC
GCF_001643675.1_Monocercomonoides_exilis	NW_027150576.1	2358	2411	53	-	rna-XM_067870727.1	CT	AC	1.0	template-strand	CCCTAA	53	1.0	0	True	True	True	TAGG	GGTT	['DUPLICATE_SEQ(19x)', 'PERFECTLY_PERIODIC']	CTAACCCTAACCCTAACCCTAACCCTAACCCTAACCCTAACCCTAACCCTAAC
GCF_001643675.1_Monocercomonoides_exilis	NW_027150576.1	2608	2696	88	-	rna-XM_067870727.1	CT	AC	1.0	template-strand	CCCTAA	88	1.0	0	True	True	True	TAGG	GGTT	['DUPLICATE_SEQ(2x)', 'PERFECTLY_PERIODIC']	CTAACCCTAACCCTAACCCTAACCCTAACCCTAACCCTAACCCTAACCCTAACCCTAACCCTAACCCTAACCCTAACCCT
GCF_001643675.1_Monocercomonoides_exilis	NW_027150576.1	2822	2876	54	-	rna-XM_067870727.1	CT	AC	1.0	template-strand	CCCTAA	54	1.0	0	True	True	True	TAGG	GGTT	[]	CTAACCCTAACCCTAACCCTAACCCTAACCCCTAACCCTAACCCTAACCCTAAC
GCF_001643675.1_Monocercomonoides_exilis	NW_027150576.1	2967	3079	112	-	rna-XM_067870727.1	CT	AC	1.0	template-strand	CCCTAA	112	1.0	0	True	True	True	TAGG	GGTT	[]	CTAACCCCTAACCCTAACCCTAACCTAACCCTAACCCTAACCCTAACCCTAACCCTAACCTAACCCTAACCCTAACCCTA
GCF_001643675.1_Monocercomonoides_exilis	NW_027150576.1	3192	3272	80	-	rna-XM_067870727.1	CT	AC	1.0	template-strand	CCCTAA	80	1.0	0	True	True	True	TAGG	GGTT	[]	CTAACCCTAACCCTAACCCTAACCCTAACCCTAACCCTAACCCTAACCTAACCTAACCCTAACCCTAACCCTAACCTAAC
GCF_001643675.1_Monocercomonoides_exilis	NW_027150576.1	3375	3715	340	-	rna-XM_067870727.1	CT	AC	1.0	template-strand	CCCTAA	340	1.0	0	True	True	True	TAGG	GGTT	[]	CTAACCCCTAACCCTAACCCTAACCCTAACCCTAACCCTAACCCTAACCCTAACCCTAACCCTAACCCTAACCCTAACCT
GCF_001643675.1_Monocercomonoides_exilis	NW_027150578.1	1114082	1114501	419	+	rna-XM_067870804.1	GT	AG	1.0	coding-strand	TTAGGG	419	1.0	0	True	True	True	TAGG	GGTT	[]	GTTAGGTTAGGGTTAGGTTAGGGTTAGGGTTAGGGTTAGGGTTAGGGTTAGGGTTAGGGTTAGGGTTAGGTTAGGGTTAG
GCF_001643675.1_Monocercomonoides_exilis	NW_027150578.1	1114640	1114857	217	+	rna-XM_067870804.1	GT	AG	1.0	coding-strand	TTAGGG	217	1.0	0	True	True	True	TAGG	GGTT	[]	GTTAGGTTAGGGTTAGGGTTAGGGTTAGGGTTAGGGTTAGGGTTAGGGTTAGGGTTAGGGTTAGGGTTAGGTTAGGGTTA
GCF_001643675.1_Monocercomonoides_exilis	NW_027150578.1	1115481	1115974	493	+	rna-XM_067870804.1	GT	AG	1.0	coding-strand	TTAGGG	493	1.0	0	True	True	True	TAGG	GGTT	[]	GTTAGGTTAGGGTTAGGGTTAGGGTTAGGGTTAGGGTTAGGGTTAGGGTTAGGGTTAGGGTTAGGGTTAGGGTTAGGGTT
GCF_001643675.1_Monocercomonoides_exilis	NW_027150578.1	1116099	1116152	53	+	rna-XM_067870804.1	GT	AG	1.0	coding-strand	TTAGGG	53	1.0	0	True	True	True	TAGG	GGTT	['DUPLICATE_SEQ(22x)', 'PERFECTLY_PERIODIC']	GTTAGGGTTAGGGTTAGGGTTAGGGTTAGGGTTAGGGTTAGGGTTAGGGTTAG
GCF_001643675.1_Monocercomonoides_exilis	NW_027150581.1	1062818	1063342	524	+	rna-XM_067870879.1	GT	AG	0.855	coding-strand	TTAGGG	428	0.817	1	True	False	True	CCCC	GGTT	[]	GTCCCCTTATAAACATACTCTAATCTAAATTTTTTCTACCGAGCGGTTGTGGCAGGGCAGTGCGGACAAGTTAGGTTAGG
GCF_001643675.1_Monocercomonoides_exilis	NW_027150581.1	1063404	1063486	82	+	rna-XM_067870879.1	GT	AG	1.0	coding-strand	TTAGGG	82	1.0	0	True	True	True	TAGG	GGTT	['DUPLICATE_SEQ(2x)']	GTTAGGTTAGGGTTAGGGTTAGGGTTAGGGTTAGGGTTAGGGTTAGGGTTAGGGTTAGGGTTAGGGTTAGGGTTAGGGTT
GCF_001643675.1_Monocercomonoides_exilis	NW_027150581.1	1063606	1063856	250	+	rna-XM_067870879.1	GT	AG	0.996	coding-strand	TTAGGG	240	0.96	1	True	True	True	TAGG	GGTT	[]	GTTAGGGTTGGGGTTAGGTTAGGTTAGGGTTAGGGTTAGGTTAGGGTTAGGTTAGGGTTAGGGTTAGGGTTAGGGTTAGG
GCF_001643675.1_Monocercomonoides_exilis	NW_027150581.1	1063957	1064060	103	+	rna-XM_067870879.1	GT	AG	1.0	coding-strand	TTAGGG	103	1.0	0	True	True	True	TAGG	GGTT	[]	GTTAGGTTAGGGTTAGGGTTAGGGTTAGGGTTAGGTTAGGGTTAGGGTTAGGGTTAGGGTTAGGGTTAGGGTTAGGGTTA
GCF_001643675.1_Monocercomonoides_exilis	NW_027150581.1	1064402	1064499	97	+	rna-XM_067870879.1	GT	AG	1.0	coding-strand	TTAGGG	97	1.0	0	True	True	True	TAGG	GGTT	[]	GTTAGGGTTAGGGTTAGGGTTAGGGTTAGGGTTAGGTTAGGGTTAGGGTTAGGGTTAGGTTAGGGTTAGGGTTAGGTTAG
GCF_001643675.1_Monocercomonoides_exilis	NW_027150581.1	1064637	1064785	148	+	rna-XM_067870879.1	GT	AG	0.9392	coding-strand	TTAGGG	131	0.885	1	True	True	True	TAGG	GGTT	[]	GTTAGGTTAGGGTTAGGTTAGGTTAGGGTTAGGTTAGGGTTAGGGTTAGGGTTAGGTTAGGGTTAGGGTTAGGGTTAGGG
GCF_001643675.1_Monocercomonoides_exilis	NW_027150581.1	1065187	1065334	147	+	rna-XM_067870879.1	GT	AG	1.0	coding-strand	TTAGGG	147	1.0	0	True	True	True	TAGG	GGTT	[]	GTTAGGGTTAGGGTTAGGGTTAGGGTTAGGGTTAGGGTTAGGGTTAGGGTTAGGGTTAGGGTTAGGGTTAGGGTTAGGGT
GCF_001643675.1_Monocercomonoides_exilis	NW_027150582.1	1056548	1056679	131	+	rna-XM_067870907.1	GT	AG	1.0	coding-strand	TTAGGG	131	1.0	0	True	True	True	TAGG	GGTT	[]	GTTAGGTTAGGGTTAGGGTTAGGGTTAGGTTAGGGTTAGGGTTAGGGTTAGGTTAGGGTTAGGGTTAGGGTTAGGGTTAG
GCF_001643675.1_Monocercomonoides_exilis	NW_027150582.1	1056829	1057107	278	+	rna-XM_067870907.1	GT	AG	1.0	coding-strand	TTAGGG	278	1.0	0	True	True	True	TAGG	GGTT	[]	GTTAGGGTTAGGGTTAGGGTTAGGGTTAGGGTTAGGGTTAGGGTTAGGGTTAGGGTTAGGGTTAGGGTTAGGGTTAGGGT
GCF_001643675.1_Monocercomonoides_exilis	NW_027150582.1	1057216	1057291	75	+	rna-XM_067870907.1	GT	AG	1.0	coding-strand	TTAGGG	75	1.0	0	True	True	True	TAGG	GGTT	[]	GTTAGGTTAGGGTTAGGGTTAGGGTTAGGGTTAGGGTTAGGGTTAGGTTAGGGTTAGGGTTAGGGTTAGGGTTAG
GCF_001643675.1_Monocercomonoides_exilis	NW_027150582.1	1057548	1057601	53	+	rna-XM_067870907.1	GT	AG	1.0	coding-strand	TTAGGG	53	1.0	0	True	True	True	TAGG	GGTT	['DUPLICATE_SEQ(22x)', 'PERFECTLY_PERIODIC']	GTTAGGGTTAGGGTTAGGGTTAGGGTTAGGGTTAGGGTTAGGGTTAGGGTTAG
GCF_001643675.1_Monocercomonoides_exilis	NW_027150582.1	1057973	1058116	143	+	rna-XM_067870907.1	GT	AG	1.0	coding-strand	TTAGGG	143	1.0	0	True	True	True	TAGG	GGTT	[]	GTTAGGGTTAGGGTTAGGTTAGGGTTAGGGTTAGGGTTAGGGTTAGGGTTAGGGTTAGGGTTAGGGTTAGGGTTAGGGTT
GCF_001643675.1_Monocercomonoides_exilis	NW_027150582.1	1058308	1058361	53	+	rna-XM_067870907.1	GT	AG	1.0	coding-strand	TTAGGG	53	1.0	0	True	True	True	TAGG	GGTT	['DUPLICATE_SEQ(22x)', 'PERFECTLY_PERIODIC']	GTTAGGGTTAGGGTTAGGGTTAGGGTTAGGGTTAGGGTTAGGGTTAGGGTTAG
GCF_001643675.1_Monocercomonoides_exilis	NW_027150582.1	1058506	1058617	111	+	rna-XM_067870907.1	GT	AG	0.982	coding-strand	TTAGGG	102	0.919	1	True	True	True	TAGG	GGTT	[]	GTTAGGTTGGGGTTAGGGTTAGGGTTAGGGTTAGGGTTAGGGTTAGGGTTAGGGTTAGGGTTAGGGTTAGGGTTAGGTTA
GCF_001643675.1_Monocercomonoides_exilis	NW_027150582.1	1058742	1058795	53	+	rna-XM_067870907.1	GT	AG	1.0	coding-strand	TTAGGG	53	1.0	0	True	True	True	TAGG	GGTT	['DUPLICATE_SEQ(22x)', 'PERFECTLY_PERIODIC']	GTTAGGGTTAGGGTTAGGGTTAGGGTTAGGGTTAGGGTTAGGGTTAGGGTTAG
GCF_001643675.1_Monocercomonoides_exilis	NW_027150582.1	1058934	1058987	53	+	rna-XM_067870907.1	GT	AG	1.0	coding-strand	TTAGGG	53	1.0	0	True	True	True	TAGG	GGTT	['DUPLICATE_SEQ(22x)', 'PERFECTLY_PERIODIC']	GTTAGGGTTAGGGTTAGGGTTAGGGTTAGGGTTAGGGTTAGGGTTAGGGTTAG
GCF_001643675.1_Monocercomonoides_exilis	NW_027150583.1	2212	2264	52	-	rna-XM_067870908.1	CT	AC	1.0	template-strand	CCCTAA	52	1.0	0	True	True	True	TAGG	GGTT	['DUPLICATE_SEQ(5x)', 'PERFECTLY_PERIODIC']	CTAACCCTAACCCTAACCCTAACCCTAACCCTAACCCTAACCCTAACCTAAC
GCF_001643675.1_Monocercomonoides_exilis	NW_027150583.1	2559	2612	53	-	rna-XM_067870908.1	CT	AC	1.0	template-strand	CCCTAA	53	1.0	0	True	True	True	TAGG	GGTT	['DUPLICATE_SEQ(19x)', 'PERFECTLY_PERIODIC']	CTAACCCTAACCCTAACCCTAACCCTAACCCTAACCCTAACCCTAACCCTAAC
GCF_001643675.1_Monocercomonoides_exilis	NW_027150549.1	2300307	2300370	63	+	rna-XM_067869916.1	GT	AG	1.0	coding-strand	TTAGGG	63	1.0	0	True	True	True	TAGG	GGTT	[]	GTTAGGTTAGGGTTAGGTTAGGGTTAGGGTTAGGGTTAGGGTTAGGGTTAGGGTTAGGGTTAG
GCF_001643675.1_Monocercomonoides_exilis	NW_027150549.1	2300477	2300534	57	+	rna-XM_067869916.1	GT	AG	1.0	coding-strand	TTAGGG	57	1.0	0	True	True	True	TAGG	GGTT	[]	GTTAGGTTAGGGTTAGGGTTAGGGTTAGGGTTAGGTTAGGGTTAGGGTTAGGGTTAG
GCF_001643675.1_Monocercomonoides_exilis	NW_027150549.1	2300678	2300808	130	+	rna-XM_067869916.1	GT	AG	0.9	coding-strand	TTAGGG	95	0.731	2	True	True	True	TAGG	GGTT	[]	GTTAGGGTTCAAACTAGGTTAGGTTCAAACTAGGTTTAGGGTTAGGGTTAGGGTTAGGGTTAGGGTTAGGGTTAGGGTTA
GCF_001643675.1_Monocercomonoides_exilis	NW_027150549.1	2301084	2301137	53	+	rna-XM_067869916.1	GT	AG	1.0	coding-strand	TTAGGG	53	1.0	0	True	True	True	TAGG	GGTT	['DUPLICATE_SEQ(22x)', 'PERFECTLY_PERIODIC']	GTTAGGGTTAGGGTTAGGGTTAGGGTTAGGGTTAGGGTTAGGGTTAGGGTTAG
GCF_001643675.1_Monocercomonoides_exilis	NW_027150549.1	2301444	2301496	52	+	rna-XM_067869916.1	GT	AG	1.0	coding-strand	TTAGGG	52	1.0	0	True	True	True	TAGG	GGTT	['DUPLICATE_SEQ(2x)']	GTTAGGTTAGGGTTAGGGTTAGGGTTAGGGTTAGGGTTAGGGTTAGGGTTAG
GCF_001643675.1_Monocercomonoides_exilis	NW_027150549.1	2301622	2301676	54	+	rna-XM_067869916.1	GT	AG	0.8519	coding-strand	TTAGGG	46	0.852	0	True	True	False	TAGG	GACT	[]	GTTAGGGTTAGGGTTAGGGTTAGGGGTTAGGGTTAGGGTTAGGGTTCAGACTAG
GCF_001643675.1_Monocercomonoides_exilis	NW_027150549.1	2301957	2302052	95	+	rna-XM_067869916.1	GT	AG	1.0	coding-strand	TTAGGG	95	1.0	0	True	True	True	TAGG	GGTT	[]	GTTAGGGTTAGGGTTAGGGTTAGGGTTAGGTTAGGGTTAGGGTTAGGGTTAGGGTTAGGGTTAGGGTTAGGGTTAGGGTT
GCF_001643675.1_Monocercomonoides_exilis	NW_027150549.1	2302269	2302551	282	+	rna-XM_067869916.1	GT	AG	0.9965	coding-strand	TTAGGG	272	0.965	1	True	True	True	TAGG	GGTT	[]	GTTAGGGTTGGGGTTAGGGGTTAGGGTTAGGGTTAGGGTTAGGGTTAGGGTTAGGGTTAGGGTTAGGGTTAGGGTTAGGG
GCF_001643675.1_Monocercomonoides_exilis	NW_027150585.1	410	473	63	-	rna-XM_067870955.1	CT	AC	1.0	template-strand	CCCTAA	63	1.0	0	True	True	True	TAGG	GGTT	['NEAR_CONTIG_START']	CTAACCCCTAACCCTAACCCTAACCCTAACCCTAACCCTAACCCTAACCTAACCTAACCTAAC
GCF_001643675.1_Monocercomonoides_exilis	NW_027150585.1	582	659	77	-	rna-XM_067870955.1	CT	AC	1.0	template-strand	CCCTAA	77	1.0	0	True	True	True	TAGG	GGTT	['NEAR_CONTIG_START']	CTAACCCTAACCCTAACCCTAACCTAACCCTAACCCTAACCCCTAACCCTAACCCTAACCCTAACCCTAACCCTAAC
GCF_001643675.1_Monocercomonoides_exilis	NW_027150585.1	738	790	52	-	rna-XM_067870955.1	CT	AC	1.0	template-strand	CCCTAA	52	1.0	0	True	True	True	TAGG	GGTT	['DUPLICATE_SEQ(5x)', 'NEAR_CONTIG_START', 'PERFECTLY_PERIODIC']	CTAACCCTAACCCTAACCCTAACCCTAACCCTAACCCTAACCCTAACCTAAC
GCF_001643675.1_Monocercomonoides_exilis	NW_027150585.1	1074	1617	543	-	rna-XM_067870955.1	CT	AC	0.9871	template-strand	CCCTAA	304	0.56	1	True	True	True	TAGG	GGTT	[]	CTAACCCTAACCCTAACCCTAACCCTAACCCTAACCCTAACCCTAACCTAACCCTAACCTAACCTAACCCTAACCCTAAC
GCF_001643675.1_Monocercomonoides_exilis	NW_027150585.1	1706	1808	102	-	rna-XM_067870955.1	CT	AC	1.0	template-strand	CCCTAA	102	1.0	0	True	True	True	TAGG	GGTT	[]	CTAACCCCTAACCCTAACCCTAACCCTAACCCTAACCCTAACCCTAACCCTAACCCTAACCCTAACCCTAACCCTAACCC
GCF_001643675.1_Monocercomonoides_exilis	NW_027150585.1	2011	2063	52	-	rna-XM_067870955.1	CT	AC	1.0	template-strand	CCCTAA	52	1.0	0	True	True	True	TAGG	GGTT	['DUPLICATE_SEQ(5x)', 'PERFECTLY_PERIODIC']	CTAACCCTAACCCTAACCCTAACCCTAACCCTAACCCTAACCCTAACCTAAC
GCF_001643675.1_Monocercomonoides_exilis	NW_027150585.1	2141	2251	110	-	rna-XM_067870955.1	CT	AC	1.0	template-strand	CCCTAA	110	1.0	0	True	True	True	TAGG	GGTT	[]	CTAACCCTAACCCTAACCCTAACCCTAACCCTAACCTAACCCTAACCCTAACCCTAACCCTAACCCTAACCCTAACCCTA
GCF_001643675.1_Monocercomonoides_exilis	NW_027150585.1	2395	2489	94	-	rna-XM_067870955.1	CT	AC	1.0	template-strand	CCCTAA	94	1.0	0	True	True	True	TAGG	GGTT	[]	CTAACCCTAACCCTAACCCTAACCCTAACCCTAACCCTAACCCTAACCCTAACCCCTAACCCAACCCTAACCCTAACCCT
GCF_001643675.1_Monocercomonoides_exilis	NW_027150585.1	2830	2905	75	-	rna-XM_067870955.1	CT	AC	1.0	template-strand	CCCTAA	75	1.0	0	True	True	True	TAGG	GGTT	[]	CTAACCCTAACCCTAACCCTAACCCTAACCCTAACCCTAACCCTAACCTAACCCTAACCCTAACCCTAACCTAAC
GCF_001643675.1_Monocercomonoides_exilis	NW_027150585.1	3110	3163	53	-	rna-XM_067870955.1	CT	AC	1.0	template-strand	CCCTAA	53	1.0	0	True	True	True	TAGG	GGTT	['DUPLICATE_SEQ(19x)', 'PERFECTLY_PERIODIC']	CTAACCCTAACCCTAACCCTAACCCTAACCCTAACCCTAACCCTAACCCTAAC
GCF_001643675.1_Monocercomonoides_exilis	NW_027150587.1	865134	865230	96	+	rna-XM_067871005.1	GT	AG	1.0	coding-strand	TTAGGG	96	1.0	0	True	True	True	TAGG	GGTT	[]	GTTAGGGTTAGGGTTAGGGTTAGGGTTAGGTTAGGGTTAGGGTTAGGTTAGGGTTAGGTTAGGGTTAGGGTTAGGTTAGG
GCF_001643675.1_Monocercomonoides_exilis	NW_027150587.1	865308	865838	530	+	rna-XM_067871005.1	GT	AG	1.0	coding-strand	TTAGGG	530	1.0	0	True	True	True	TAGG	GGTT	[]	GTTAGGGTTAGGGTTAGGGTTAGGTTAGGTTAGGGTTAGGGTTAGGGTTAGGGTTAGGGTTAGGGTTAGGGTTAGGGTTA
GCF_001643675.1_Monocercomonoides_exilis	NW_027150587.1	866018	866076	58	+	rna-XM_067871005.1	GT	AG	1.0	coding-strand	TTAGGG	58	1.0	0	True	True	True	TAGG	GGTT	[]	GTTAGGGTTAGGGTTAGGGTTAGGGTTAGGGTTAGGTTAGGGTTAGGGTTAGGGTTAG
GCF_001643675.1_Monocercomonoides_exilis	NW_027150587.1	866268	866340	72	+	rna-XM_067871005.1	GT	AG	1.0	coding-strand	TTAGGG	72	1.0	0	True	True	True	TAGG	GGTT	[]	GTTAGGTTAGGGTTAGGGTTAGGTTAGGTTAGGGTTAGGGTTAGGGTTAGGTTAGGGTTAGGGTTAGGTTAG
GCF_001643675.1_Monocercomonoides_exilis	NW_027150587.1	866485	866699	214	+	rna-XM_067871005.1	GT	AG	1.0	coding-strand	TTAGGG	214	1.0	0	True	True	True	TAGG	GGTT	[]	GTTAGGTTAGGGTTAGGGTTAGGGTTAGGGTTAGGGTTAGGGTTAGGGTTAGGGTTAGGTTAGGGTTAGGGTTAGGGTTA
GCF_001643675.1_Monocercomonoides_exilis	NW_027150587.1	866896	866948	52	+	rna-XM_067871005.1	GT	AG	1.0	coding-strand	TTAGGG	52	1.0	0	True	True	True	TAGG	GGTT	[]	GTTAGGGTTAGGGGTTAGGGTTAGGGTTAGGTTAGGGTTAGGGTTAGGTTAG
GCF_001643675.1_Monocercomonoides_exilis	NW_027150593.1	726594	727031	437	+	rna-XM_067871137.1	GT	AG	0.9611	coding-strand	TTAGGG	272	0.622	4	True	True	True	TAGG	GGTT	[]	GTTAGGGTTAGGGTTAGGGTTAGGGTTAGGGTTAGGGTTAGGGTTAGGGTTAGGGTAGGTTAGGGTTAGGGTTAGGGTTA
GCF_001643675.1_Monocercomonoides_exilis	NW_027150593.1	727116	727168	52	+	rna-XM_067871137.1	GT	AG	1.0	coding-strand	TTAGGG	52	1.0	0	True	True	True	TAGG	GGTT	[]	GTTAGGGGTTAGGGTTAGGGTTAGGGTTAGGTTAGGGTTAGGGTTAGGTTAG
GCF_001643675.1_Monocercomonoides_exilis	NW_027150593.1	727293	727346	53	+	rna-XM_067871137.1	GT	AG	1.0	coding-strand	TTAGGG	53	1.0	0	True	True	True	TAGG	GGTT	['DUPLICATE_SEQ(22x)', 'PERFECTLY_PERIODIC']	GTTAGGGTTAGGGTTAGGGTTAGGGTTAGGGTTAGGGTTAGGGTTAGGGTTAG
GCF_001643675.1_Monocercomonoides_exilis	NW_027150593.1	727851	727904	53	+	rna-XM_067871137.1	GT	AG	1.0	coding-strand	TTAGGG	53	1.0	0	True	True	True	TAGG	GGTT	['DUPLICATE_SEQ(22x)', 'PERFECTLY_PERIODIC']	GTTAGGGTTAGGGTTAGGGTTAGGGTTAGGGTTAGGGTTAGGGTTAGGGTTAG
GCF_001643675.1_Monocercomonoides_exilis	NW_027150597.1	631219	631277	58	+	rna-XM_067871193.1	GT	AG	1.0	coding-strand	TTAGGG	58	1.0	0	True	True	True	TAGG	GGTT	['DUPLICATE_SEQ(3x)']	GTTAGGTTAGGGTTAGGGTTAGGGTTAGGGTTAGGGTTAGGGTTAGGGTTAGGGTTAG
GCF_001643675.1_Monocercomonoides_exilis	NW_027150597.1	631451	631886	435	+	rna-XM_067871193.1	GT	AG	0.9931	coding-strand	TTAGGG	360	0.828	1	True	True	True	TAGG	GGTT	[]	GTTAGGTTAGGGTTAGGGTTAGGGTTAGGGTTAGGGTTAGGGTTAGGGTTAGGGTTAGGGTTAGGGTTAGGGCTAGGTTA
GCF_001643675.1_Monocercomonoides_exilis	NW_027150597.1	632006	632058	52	+	rna-XM_067871193.1	GT	AG	1.0	coding-strand	TTAGGG	52	1.0	0	True	True	True	TAGG	GGTT	[]	GTTAGGGTTAGGTTAGGGTTAGGGTTAGGGTTAGGGTTAGGGTTAGGGTTAG
GCF_001643675.1_Monocercomonoides_exilis	NW_027150597.1	632183	632246	63	+	rna-XM_067871193.1	GT	AG	1.0	coding-strand	TTAGGG	63	1.0	0	True	True	True	TAGG	GGTT	[]	GTTAGGGTTAGGGTTAGGGTTAGGGTTAGGGTTAGGGTTAGGTTAGGGTTAGGTTAGGGTTAG
GCF_001643675.1_Monocercomonoides_exilis	NW_027150597.1	632390	632443	53	+	rna-XM_067871193.1	GT	AG	1.0	coding-strand	TTAGGG	53	1.0	0	True	True	True	TAGG	GGTT	['DUPLICATE_SEQ(22x)', 'PERFECTLY_PERIODIC']	GTTAGGGTTAGGGTTAGGGTTAGGGTTAGGGTTAGGGTTAGGGTTAGGGTTAG
GCF_001643675.1_Monocercomonoides_exilis	NW_027150597.1	632744	632926	182	+	rna-XM_067871193.1	GT	AG	1.0	coding-strand	TTAGGG	182	1.0	0	True	True	True	TAGG	GGTT	[]	GTTAGGTTAGGGTTAGGGTTAGGGTTAGGGTTAGGGTTAGGGTTAGGGTTAGGTTAGGGTTAGGGTTAGGGTTAGGGTTA
GCF_001643675.1_Monocercomonoides_exilis	NW_027150597.1	633057	633155	98	+	rna-XM_067871193.1	GT	AG	0.9898	coding-strand	TTAGGG	73	0.745	1	True	True	True	TAGG	GGTT	[]	GTTAGGGTTAGGGTTAGGGTTAGGGTTAGGGTTAGGGTTAGGGTTAGGGTTAGGGTTAGGGTTAGGTTAGGGTAGGTTAG
GCF_001643675.1_Monocercomonoides_exilis	NW_027150598.1	599534	599643	109	+	rna-XM_067871213.1	GT	AG	1.0	coding-strand	TTAGGG	109	1.0	0	True	True	True	TAGG	GGTT	[]	GTTAGGGGTTAGGGTTAGGGTTAGGGTTAGGGTTAGGGTTAGGGTTAGGGTTAGGGTTAGGGTTAGGGTTAGGGTTAGGG
GCF_001643675.1_Monocercomonoides_exilis	NW_027150598.1	599758	599810	52	+	rna-XM_067871213.1	GT	AG	1.0	coding-strand	TTAGGG	52	1.0	0	True	True	True	TAGG	GGTT	['DUPLICATE_SEQ(3x)']	GTTAGGGTTAGGGTTAGGTTAGGGTTAGGGTTAGGGTTAGGGTTAGGGTTAG
GCF_001643675.1_Monocercomonoides_exilis	NW_027150598.1	600097	600150	53	+	rna-XM_067871213.1	GT	AG	1.0	coding-strand	TTAGGG	53	1.0	0	True	True	True	TAGG	GGTT	['DUPLICATE_SEQ(22x)', 'PERFECTLY_PERIODIC']	GTTAGGGTTAGGGTTAGGGTTAGGGTTAGGGTTAGGGTTAGGGTTAGGGTTAG
GCF_001643675.1_Monocercomonoides_exilis	NW_027150598.1	600558	600611	53	+	rna-XM_067871213.1	GT	AG	1.0	coding-strand	TTAGGG	53	1.0	0	True	True	True	TAGG	GGTT	['DUPLICATE_SEQ(22x)', 'PERFECTLY_PERIODIC']	GTTAGGGTTAGGGTTAGGGTTAGGGTTAGGGTTAGGGTTAGGGTTAGGGTTAG
GCF_001643675.1_Monocercomonoides_exilis	NW_027150598.1	600731	600861	130	+	rna-XM_067871213.1	GT	AG	1.0	coding-strand	TTAGGG	130	1.0	0	True	True	True	TAGG	GGTT	[]	GTTAGGGTTAGGGTTAGGGTTAGGGTTAGGGTTAGGGTTAGGGTTAGGGTTAGGGTTAGGGTTAGGTTAGGGTTAGGGTT
GCF_001643675.1_Monocercomonoides_exilis	NW_027150598.1	600964	601094	130	+	rna-XM_067871213.1	GT	AG	1.0	coding-strand	TTAGGG	130	1.0	0	True	True	True	TAGG	GGTT	[]	GTTAGGTTAGGGTTAGGGTTAGGGTTAGGGTTAGGGTTAGGGTTAGGGTTAGGGTTAGGGTTAGGGTTAGGGTTAGGGTT
GCF_001643675.1_Monocercomonoides_exilis	NW_027150598.1	601382	601482	100	+	rna-XM_067871213.1	GT	AG	1.0	coding-strand	TTAGGG	100	1.0	0	True	True	True	TAGG	GGTT	[]	GTTAGGTTAGGGTTAGGGTTAGGGTTAGGGTTAGGGTTAGGGTTAGGGTTAGGGTTAGGGTTAGGGTTAGGGGTTAGGTT
GCF_001643675.1_Monocercomonoides_exilis	NW_027150601.1	1092	1144	52	-	rna-XM_067871247.1	CT	AC	1.0	template-strand	CCCTAA	52	1.0	0	True	True	True	TAGG	GGTT	['DUPLICATE_SEQ(5x)', 'PERFECTLY_PERIODIC']	CTAACCCTAACCCTAACCCTAACCCTAACCCTAACCCTAACCCTAACCTAAC
GCF_001643675.1_Monocercomonoides_exilis	NW_027150601.1	1222	1308	86	-	rna-XM_067871247.1	CT	AC	1.0	template-strand	CCCTAA	86	1.0	0	True	True	True	TAGG	GGTT	[]	CTAACCCTAACCCTAACCCTAACCCTAACCTAACCCTAACCCTAACCCTAACCCTAACCCTAACCTAACCCTAACCCTAA
GCF_001643675.1_Monocercomonoides_exilis	NW_027150601.1	1416	1486	70	-	rna-XM_067871247.1	CT	AC	1.0	template-strand	CCCTAA	70	1.0	0	True	True	True	TAGG	GGTT	['PERFECTLY_PERIODIC']	CTAACCCTAACCCTAACCCTAACCCTAACCCTAACCCTAACCCTAACCCTAACCCTAACCCTAACCTAAC
GCF_001643675.1_Monocercomonoides_exilis	NW_027150601.1	2138	2199	61	-	rna-XM_067871247.1	CT	AC	0.9836	template-strand	CCCTAA	40	0.656	1	True	True	True	TAGG	GGTT	[]	CTAACCCCTAACCCTAACCCGTAACCCTAACCCTAACCCTAACCCTAACCCTAACCCTAAC
GCF_001643675.1_Monocercomonoides_exilis	NW_027150601.1	2329	2407	78	-	rna-XM_067871247.1	CT	AC	0.9872	template-strand	CCCTAA	68	0.872	1	True	True	True	TAGG	GGTT	[]	CTAACCCTAACCCTAACCCTAACCCTAACCCTAACCCTAACCCTAACCCTAACCCTAACCCTAACCCTGAACCCTAAC
GCF_001643675.1_Monocercomonoides_exilis	NW_027150601.1	2533	2597	64	-	rna-XM_067871247.1	CT	AC	1.0	template-strand	CCCTAA	64	1.0	0	True	True	True	TAGG	GGTT	['DUPLICATE_SEQ(2x)', 'PERFECTLY_PERIODIC']	CTAACCCTAACCCTAACCCTAACCCTAACCCTAACCCTAACCCTAACCCTAACCCTAACCTAAC
GCF_001643675.1_Monocercomonoides_exilis	NW_027150601.1	2832	2974	142	-	rna-XM_067871247.1	CT	AC	0.9507	template-strand	CCCTAA	129	0.908	1	True	True	True	TAGG	GGTT	[]	CTAACCTAGTTTGAACCCTAACCCTAACCCTAACCCTAACCCTAACCCTAACCCTAACCCTAACCCTAACCCTAACCCTA
GCF_001643675.1_Monocercomonoides_exilis	NW_027150601.1	3016	3125	109	-	rna-XM_067871247.1	CT	AC	0.9541	template-strand	CCCTAA	95	0.872	1	True	True	True	TAGG	GGTT	[]	CTAACCCTAGTTTGAACCCTAACCTAACCCTAACCCTAACCCTAACCCTAACCTAACCCTAACCCTAACCCTAACCCTAA
GCF_001643675.1_Monocercomonoides_exilis	NW_027150601.1	3227	3401	174	-	rna-XM_067871247.1	CT	AC	1.0	template-strand	CCCTAA	174	1.0	0	True	True	True	TAGG	GGTT	[]	CTAACCTAACCCTAACCCTAACCCTAACCCTAACCCTAACCTAACCTAACCCTAACCTAACCTAACCCTAACCCTAACCC
GCF_001643675.1_Monocercomonoides_exilis	NW_027150602.1	924	1051	127	-	rna-XM_067871253.1	CT	AC	1.0	template-strand	CCCTAA	127	1.0	0	True	True	True	TAGG	GGTT	['NEAR_CONTIG_START']	CTAACCCTAACCCTAACCCTAACCCTAACCCTAACCTAACCCTAACCCTAACCTAACCCTAACCCTAACCCTAACCCTAA
GCF_001643675.1_Monocercomonoides_exilis	NW_027150602.1	1498	1539	41	-	rna-XM_067871253.1	CT	AC	1.0	template-strand	CCCTAA	41	1.0	0	True	True	True	TAGG	GGTT	['PERFECTLY_PERIODIC']	CTAACCCTAACCCTAACCCTAACCCTAACCCTAACCCTAAC
GCF_001643675.1_Monocercomonoides_exilis	NW_027150602.1	1741	2244	503	-	rna-XM_067871253.1	CT	AC	1.0	template-strand	CCCTAA	503	1.0	0	True	True	True	TAGG	GGTT	[]	CTAACCCTAACCCTAACCCTAACCCTAACCCTAACCCTAACCCTAACCCTAACCCTAACCCTAACCTAACCTAACCCTAA
GCF_001643675.1_Monocercomonoides_exilis	NW_027150602.1	2346	2457	111	-	rna-XM_067871253.1	CT	AC	1.0	template-strand	CCCTAA	111	1.0	0	True	True	True	TAGG	GGTT	[]	CTAACCCTAACCCTAACCCTAACCCTAACCCTAACCCTAACCTAACCCTAACCCTAACCCTAACCCTAACCCCTAACCTA
GCF_001643675.1_Monocercomonoides_exilis	NW_027150602.1	2655	3105	450	-	rna-XM_067871253.1	CT	AC	0.9022	template-strand	CCCTAA	287	0.638	1	True	False	True	GTGT	GGTT	[]	CTAACCCTAACCCTAACCCTAACCCTAACCCTAACCCTAACCCTAACCCTAACCCTAACCCTAACCCTAACCCTAACCTA
GCF_001643675.1_Monocercomonoides_exilis	NW_027150603.1	499030	499217	187	+	rna-XM_067871275.1	GT	AG	0.9412	coding-strand	TTAGGG	173	0.925	0	True	True	False	TAGG	GTTT	[]	GTTAGGGTTAGGGTTAGGGTTAGGGTTAGGGTTAGGGTTAGGGTTAGGGTTAGGGTTAGGGTTAGGGTTAGGGTTAGGTT
GCF_001643675.1_Monocercomonoides_exilis	NW_027150603.1	499361	499876	515	+	rna-XM_067871275.1	GT	AG	0.9864	coding-strand	TTAGGG	391	0.759	1	True	True	True	TAGG	GGTT	[]	GTTAGGGTTAGGGTTAGGTTAGGTTAGGGTTAGGGTTAGGGTTAGGGTTAGGTTAGGGTTAGGGTTAGGGTTAGGGTTAG
GCF_001643675.1_Monocercomonoides_exilis	NW_027150603.1	499997	500049	52	+	rna-XM_067871275.1	GT	AG	0.9038	coding-strand	TTAGGG	39	0.75	1	True	True	True	TAGG	GGTT	[]	GTTAGGGTTAGGGTTAGGTTAGGGTTAGGGTTAGGGTTACAAACTAGGTTAG
GCF_001643675.1_Monocercomonoides_exilis	NW_027150603.1	500126	500267	141	+	rna-XM_067871275.1	GT	AG	0.9433	coding-strand	TTAGGG	116	0.823	1	True	True	True	TAGG	GGTT	[]	GTTAGGTTAGGGTTAGGTTAGGGTTAGGGTTAGGGTTAGGGTTAGGGTTAGGGTTAGGGTTAGGGTTAGGGTTAGGGTTA
GCF_001643675.1_Monocercomonoides_exilis	NW_027150603.1	500381	500746	365	+	rna-XM_067871275.1	GT	AG	0.9644	coding-strand	TTAGGG	280	0.767	2	True	True	True	TAGG	GGTT	[]	GTTAGGGTTAGGGTTAGGGTTAGGGTTAGGGTTAGGGTTAGGGTTAGGGTTAGGGTTAGGGTTAGGGTTAGGGTTAGGGT
GCF_001643675.1_Monocercomonoides_exilis	NW_027150603.1	500866	500937	71	+	rna-XM_067871275.1	GT	AG	1.0	coding-strand	TTAGGG	71	1.0	0	True	True	True	TAGG	GGTT	[]	GTTAGGGTTAGGGTTAGGGTTAGGGTTAGGGTTAGGGTTAGGGTTAGGTTAGGGTTAGGGTTAGGGGTTAG
GCF_001643675.1_Monocercomonoides_exilis	NW_027150603.1	501045	501097	52	+	rna-XM_067871275.1	GT	AG	1.0	coding-strand	TTAGGG	52	1.0	0	True	True	True	TAGG	GGTT	['DUPLICATE_SEQ(4x)']	GTTAGGGTTAGGGTTAGGGTTAGGTTAGGGTTAGGGTTAGGGTTAGGGTTAG
GCF_001643675.1_Monocercomonoides_exilis	NW_027150603.1	501181	501384	203	+	rna-XM_067871275.1	GT	AG	0.9655	coding-strand	TTAGGG	190	0.936	1	True	True	True	TAGG	GGTT	[]	GTTAGGGTTAGGGTTAGGGTTAGGGTTAGGGTTAGGTTAGGGTTAGGGTTAGGTTAGGGTTAGGGTTAGGGTTAGGGTTA
GCF_001643675.1_Monocercomonoides_exilis	NW_027150603.1	501474	501526	52	+	rna-XM_067871275.1	GT	AG	1.0	coding-strand	TTAGGG	52	1.0	0	True	True	True	TAGG	GGTT	['DUPLICATE_SEQ(2x)']	GTTAGGGTTAGGGTTAGGGTTAGGGTTAGGTTAGGGTTAGGGTTAGGGTTAG
GCF_001643675.1_Monocercomonoides_exilis	NW_027150604.1	302	409	107	-	rna-XM_067871276.1	CT	AC	1.0	template-strand	CCCTAA	107	1.0	0	True	True	True	TAGG	GGTT	['NEAR_CONTIG_START']	CTAACCCTAACCCTAACCCTAACCCTAACCCTAACCCTAACCCTAACCCTAACCCTAACCTAACCCTAACCCTAACCCTA
GCF_001643675.1_Monocercomonoides_exilis	NW_027150604.1	697	751	54	-	rna-XM_067871276.1	CT	AC	1.0	template-strand	CCCTAA	54	1.0	0	True	True	True	TAGG	GGTT	['DUPLICATE_SEQ(3x)', 'NEAR_CONTIG_START']	CTAACCCCTAACCCTAACCCTAACCCTAACCCTAACCCTAACCCTAACCCTAAC
GCF_001643675.1_Monocercomonoides_exilis	NW_027150604.1	1100	1269	169	-	rna-XM_067871276.1	CT	AC	0.9586	template-strand	CCCTAA	156	0.923	1	True	True	True	TAGG	GGTT	[]	CTAACCTAGTTTGAACCCTAACCCTAACCCTAACCCTAACCCTAACCCTAACCTAACCCTAACCCTAACCCTAACCCTAA
GCF_001643675.1_Monocercomonoides_exilis	NW_027150604.1	1580	2205	625	-	rna-XM_067871276.1	CT	AC	0.9984	template-strand	CCCTAA	589	0.942	1	True	True	True	TAGG	GGTT	[]	CTAACCCTAACCCTAACCCCTAACCCTAACCCTAACCCTAACCCTAACCCTAACCCTAACCCTAACCCTAACCCTAACCC
GCF_001643675.1_Monocercomonoides_exilis	NW_027150604.1	2313	2731	418	-	rna-XM_067871276.1	CT	AC	0.8684	template-strand	CCCTAA	362	0.866	0	True	False	True	TTCA	GGTT	[]	CTAACCCTAACCCTAACCCTAACCCTAACCCTAACCCTAACCTAACCCTAACCCTAACCCCTAACCCTAACCCTAAACCC
GCF_001643675.1_Monocercomonoides_exilis	NW_027150607.1	460330	460492	162	+	rna-XM_067871321.1	GT	AG	1.0	coding-strand	TTAGGG	141	0.87	1	True	True	True	TAGG	GGTT	[]	GTTAGGGTTAGGTTAGGTTTAGGTTAGGGTTAGGGTTAGGGTTAGGGTTAGGGTTAGGGTTAGGTTAGGGTTAGGGTTAG
GCF_001643675.1_Monocercomonoides_exilis	NW_027150607.1	460572	460769	197	+	rna-XM_067871321.1	GT	AG	1.0	coding-strand	TTAGGG	197	1.0	0	True	True	True	TAGG	GGTT	[]	GTTAGGTTAGGTTAGGTTAGGGTTAGGGTTAGGGTTAGGGTTAGGGTTAGGGTTAGGGTTAGGGTTAGGGTTAGGGTTAG
GCF_001643675.1_Monocercomonoides_exilis	NW_027150607.1	460919	461138	219	+	rna-XM_067871321.1	GT	AG	0.968	coding-strand	TTAGGG	163	0.744	1	True	True	True	TAGG	GGTT	[]	GTTAGGTTAGGGTTAGGGTTAGGGTTAGGGTTAGGGTTAGGTTAGGGTTCAAACTAGGTTAGGGTTAGGGTTAGGTTAGG
GCF_001643675.1_Monocercomonoides_exilis	NW_027150607.1	461336	461386	50	+	rna-XM_067871321.1	GT	AG	0.86	coding-strand	TTAGGG	37	0.74	1	True	True	True	TAGG	GGTT	[]	GTTAGGGTTAGGTTAGGGTTAGGTTAGGGTTAGGGTTCAAACTAGGTTAG
GCF_001643675.1_Monocercomonoides_exilis	NW_027150607.1	461433	461614	181	+	rna-XM_067871321.1	GT	AG	0.9724	coding-strand	TTAGGG	107	0.591	1	True	True	True	TAGG	GGTT	[]	GTTAGGGTTAGGGTTAGGGTTAGGGTTAGGGTTAGGGTTAGGGTTAGGGTTAGGTTAGGGTTAGGGTTAGGGTTAGGGTT
GCF_001643675.1_Monocercomonoides_exilis	NW_027150607.1	461728	461781	53	+	rna-XM_067871321.1	GT	AG	1.0	coding-strand	TTAGGG	53	1.0	0	True	True	True	TAGG	GGTT	['DUPLICATE_SEQ(22x)', 'PERFECTLY_PERIODIC']	GTTAGGGTTAGGGTTAGGGTTAGGGTTAGGGTTAGGGTTAGGGTTAGGGTTAG
GCF_001643675.1_Monocercomonoides_exilis	NW_027150607.1	461967	462484	517	+	rna-XM_067871321.1	GT	AG	0.9903	coding-strand	TTAGGG	300	0.58	2	True	True	True	TAGG	GGTT	[]	GTTAGGGTTAGGGTTAGGGTTAGGGTTAGGGTTAGGGTTAGGGTTAGGGTTAGGGTTAGGGTTAGGGTTAGGGTTAGGTT
GCF_001643675.1_Monocercomonoides_exilis	NW_027150607.1	462557	462709	152	+	rna-XM_067871321.1	GT	AG	1.0	coding-strand	TTAGGG	152	1.0	0	True	True	True	TAGG	GGTT	[]	GTTAGGTTAGGGTTAGGGTTAGGTTAGGGTTAGGGTTAGGGTTAGGGTTAGGGTTAGGGTTAGGGTTAGGGTTAGGGTTA
GCF_001643675.1_Monocercomonoides_exilis	NW_027150607.1	462840	463039	199	+	rna-XM_067871321.1	GT	AG	1.0	coding-strand	TTAGGG	199	1.0	0	True	True	True	TAGG	GGTT	[]	GTTAGGGTTAGGGTTAGGGTTAGGGTTAGGGTTAGGGTTAGGGTTAGGGTTAGGGTTAGGGTTAGGGTTAGGGTTAGGGT
GCF_001643675.1_Monocercomonoides_exilis	NW_027150607.1	463160	463213	53	+	rna-XM_067871321.1	GT	AG	1.0	coding-strand	TTAGGG	53	1.0	0	True	True	True	TAGG	GGTT	['DUPLICATE_SEQ(22x)', 'PERFECTLY_PERIODIC']	GTTAGGGTTAGGGTTAGGGTTAGGGTTAGGGTTAGGGTTAGGGTTAGGGTTAG
GCF_001643675.1_Monocercomonoides_exilis	NW_027150614.1	506	879	373	-	rna-XM_067871369.1	CT	AC	1.0	template-strand	CCCTAA	373	1.0	0	True	True	True	TAGG	GGTT	['NEAR_CONTIG_START']	CTAACCTAACCCTAACCCTAACCTAACCCTAACCCTAACCCTAACCCTAACCTAACCCTAACCCTAACCCTAACCCTAAC
GCF_001643675.1_Monocercomonoides_exilis	NW_027150614.1	1203	1256	53	-	rna-XM_067871369.1	CT	AC	1.0	template-strand	CCCTAA	53	1.0	0	True	True	True	TAGG	GGTT	['DUPLICATE_SEQ(19x)', 'PERFECTLY_PERIODIC']	CTAACCCTAACCCTAACCCTAACCCTAACCCTAACCCTAACCCTAACCCTAAC
GCF_001643675.1_Monocercomonoides_exilis	NW_027150552.1	1104	1243	139	-	rna-XM_067869971.1	CT	AC	1.0	template-strand	CCCTAA	139	1.0	0	True	True	True	TAGG	GGTT	[]	CTAACCCTAACCCTAACCCTAACCCTAACCCTAACCCCTAACCCTAACCCTAACCCTAACCCTAACCCTAACCCTAACCC
GCF_001643675.1_Monocercomonoides_exilis	NW_027150552.1	1381	1672	291	-	rna-XM_067869971.1	CT	AC	0.9759	template-strand	CCCTAA	218	0.749	1	True	True	True	TAGG	GGTT	[]	CTAACCCTAACCCTAACCCTAACCCTAACCCTAACCCTAACCTAACCCTAACCCTAACCCTAACCCTAACCCTAACCCTA
GCF_001643675.1_Monocercomonoides_exilis	NW_027150552.1	2015	2159	144	-	rna-XM_067869971.1	CT	AC	1.0	template-strand	CCCTAA	144	1.0	0	True	True	True	TAGG	GGTT	[]	CTAACCCTAACCTAACCCTAACCTAACCCTAACCCTAACCCTAACCCTAACCCTAACCCTAACCCTAACCCTAACCCTAA
GCF_001643675.1_Monocercomonoides_exilis	NW_027150552.1	2401	2705	304	-	rna-XM_067869971.1	CT	AC	0.977	template-strand	CCCTAA	263	0.865	1	True	True	True	TAGG	GGTT	[]	CTAACCCTAACCCTAACCCTAACCCTAACCCTAACCCTAACCCTAACCCTAACCCTAACCCTAACCCTAACCCTAACCCT
GCF_001643675.1_Monocercomonoides_exilis	NW_027150552.1	2044161	2044263	102	+	rna-XM_067870007.1	GT	AG	1.0	coding-strand	TTAGGG	102	1.0	0	True	True	True	TAGG	GGTT	[]	GTTAGGGTTAGGTTAGGGTTAGGGTTAGGGTTAGGGTTAGGTTAGGTTAGGGTTAGGGTTAGGGTTAGGTTAGGGTTAGG
GCF_001643675.1_Monocercomonoides_exilis	NW_027150552.1	2044359	2044449	90	+	rna-XM_067870007.1	GT	AG	1.0	coding-strand	TTAGGG	90	1.0	0	True	True	True	TAGG	GGTT	[]	GTTAGGGTTAGGGTTAGGGTTAGGGTTAGGGTTAGGGTTAGGGTTAGGGTTAGGGTTAGGGTTAGGGTTAGGGTTAGGGT
GCF_001643675.1_Monocercomonoides_exilis	NW_027150552.1	2044540	2044590	50	+	rna-XM_067870007.1	GT	AG	0.92	coding-strand	TTAGGG	46	0.92	0	True	True	False	TAGG	TACT	[]	GTTAGGGTTAGGGTTAGGGTTAGGGTTAGGGTTAGGGTTAGGGTTACTAG
GCF_001643675.1_Monocercomonoides_exilis	NW_027150552.1	2044692	2044743	51	+	rna-XM_067870007.1	GT	AG	0.902	coding-strand	TTAGGG	27	0.529	1	True	True	True	TAGG	GGTT	[]	GTTAGGGTTAGGGTTAGGGTTGGGTTAAGTTTGGGTTAGGGTTAGGGTTAG
GCF_001643675.1_Monocercomonoides_exilis	NW_027150552.1	2044899	2044964	65	+	rna-XM_067870007.1	GT	AG	1.0	coding-strand	TTAGGG	65	1.0	0	True	True	True	TAGG	GGTT	[]	GTTAGGTTAGGGTTAGGGTTAGGGTTAGGGTTAGGGTTAGGGTTAGGGTTAGGGGTTAGGGTTAG
GCF_001643675.1_Monocercomonoides_exilis	NW_027150552.1	2045072	2045124	52	+	rna-XM_067870007.1	GT	AG	1.0	coding-strand	TTAGGG	52	1.0	0	True	True	True	TAGG	GGTT	['DUPLICATE_SEQ(2x)']	GTTAGGTTAGGGTTAGGGTTAGGGTTAGGGTTAGGGTTAGGGTTAGGGTTAG
GCF_001643675.1_Monocercomonoides_exilis	NW_027150552.1	2045190	2045245	55	+	rna-XM_067870007.1	GT	AG	1.0	coding-strand	TTAGGG	55	1.0	0	True	True	True	TAGG	GGTT	[]	GTTAGGTTAGGGTTAGGTTAGGGTTAGGGTTAGGGTTAGGGTTAGGTTAGGTTAG
GCF_001643675.1_Monocercomonoides_exilis	NW_027150552.1	2045329	2045838	509	+	rna-XM_067870007.1	GT	AG	1.0	coding-strand	TTAGGG	509	1.0	0	True	True	True	TAGG	GGTT	[]	GTTAGGTTAGGGTTAGGGTTAGGGTTAGGGTTAGGTTAGGGTTAGGGTTAGGGTTAGGTTAGGGTTAGGGTTAGGGGTTA
GCF_001643675.1_Monocercomonoides_exilis	NW_027150552.1	2045982	2046036	54	+	rna-XM_067870007.1	GT	AG	1.0	coding-strand	TTAGGG	54	1.0	0	True	True	True	TAGG	GGTT	[]	GTTAGGGGTTAGGGTTAGGGTTAGGGTTAGGGTTAGGGTTAGGGTTAGGGTTAG
GCF_001643675.1_Monocercomonoides_exilis	NW_027150617.1	824	953	129	-	rna-XM_067871391.1	CT	AC	1.0	template-strand	CCCTAA	129	1.0	0	True	True	True	TAGG	GGTT	['NEAR_CONTIG_START']	CTAACCCTAACCCTAACCCTAACCCTAACCCTAACCCTAACCCTAACCCTAACCCTAACCCTAACCCTAACCCTAACCTA
GCF_001643675.1_Monocercomonoides_exilis	NW_027150617.1	1271	1391	120	-	rna-XM_067871391.1	CT	AC	1.0	template-strand	CCCTAA	120	1.0	0	True	True	True	TAGG	GGTT	[]	CTAACCCTAACCCTAACCCTAACCCTAACCCTAACCCTAACCCTAACCCTAACCCTAACCCTAACCCTAACCCTAACCCT
GCF_001643675.1_Monocercomonoides_exilis	NW_027150617.1	1500	1553	53	-	rna-XM_067871391.1	CT	AC	1.0	template-strand	CCCTAA	53	1.0	0	True	True	True	TAGG	GGTT	['DUPLICATE_SEQ(19x)', 'PERFECTLY_PERIODIC']	CTAACCCTAACCCTAACCCTAACCCTAACCCTAACCCTAACCCTAACCCTAAC
GCF_001643675.1_Monocercomonoides_exilis	NW_027150617.1	1882	1946	64	-	rna-XM_067871391.1	CT	AC	1.0	template-strand	CCCTAA	64	1.0	0	True	True	True	TAGG	GGTT	['DUPLICATE_SEQ(2x)', 'PERFECTLY_PERIODIC']	CTAACCCTAACCCTAACCCTAACCCTAACCCTAACCCTAACCCTAACCCTAACCCTAACCTAAC
GCF_001643675.1_Monocercomonoides_exilis	NW_027150617.1	2066	2159	93	-	rna-XM_067871391.1	CT	AC	1.0	template-strand	CCCTAA	93	1.0	0	True	True	True	TAGG	GGTT	[]	CTAACCCTAACCCTAACCCTAACCCTAACCCTAACCCTAACCCTAACCCTAACCCTAACCCTAACCCTAACCCTAACCCT
GCF_001643675.1_Monocercomonoides_exilis	NW_027150617.1	2382	2434	52	-	rna-XM_067871391.1	CT	AC	1.0	template-strand	CCCTAA	52	1.0	0	True	True	True	TAGG	GGTT	['DUPLICATE_SEQ(2x)']	CTAACCCTAACCCTAACCCTAACCTAACCCTAACCCTAACCCTAACCCTAAC
GCF_001643675.1_Monocercomonoides_exilis	NW_027150621.1	103748	103797	49	+	rna-XM_067871413.1	GT	AG	1.0	coding-strand	TTAGGG	49	1.0	0	True	True	True	TAGG	GGTT	[]	GTTAGGTTAGGTTAGGTTAGGTTAGGGTTAGGGTTAGGGTTAGGGTTAG
GCF_001643675.1_Monocercomonoides_exilis	NW_027150621.1	103959	104102	143	+	rna-XM_067871413.1	GT	AG	1.0	coding-strand	TTAGGG	143	1.0	0	True	True	True	TAGG	GGTT	[]	GTTAGGTTAGGGTTAGGGTTAGGGTTAGGGTTAGGGTTAGGGTTAGGGTTAGGGTTAGGGTTAGGTTAGGGTTAGGGTTA
GCF_001643675.1_Monocercomonoides_exilis	NW_027150621.1	104181	104333	152	+	rna-XM_067871413.1	GT	AG	1.0	coding-strand	TTAGGG	152	1.0	0	True	True	True	TAGG	GGTT	[]	GTTAGGTTAGGGTTAGGGTTAGGGTTAGGGTTAGGTTAGGGTTAGGGTTAGGGTTAGGGTTAGGGTTAGGGTTAGGGTTA
GCF_001643675.1_Monocercomonoides_exilis	NW_027150621.1	104465	104660	195	+	rna-XM_067871413.1	GT	AG	1.0	coding-strand	TTAGGG	195	1.0	0	True	True	True	TAGG	GGTT	[]	GTTAGGTTAGGGTTAGGGTTAGGTTAGGGTTAGGGTTAGGGTTAGGGTTAGGGTTAGGGTTAGGGTTAGGGTTAGGGTTA
GCF_001643675.1_Monocercomonoides_exilis	NW_027150621.1	104774	104827	53	+	rna-XM_067871413.1	GT	AG	1.0	coding-strand	TTAGGG	53	1.0	0	True	True	True	TAGG	GGTT	['DUPLICATE_SEQ(22x)', 'PERFECTLY_PERIODIC']	GTTAGGGTTAGGGTTAGGGTTAGGGTTAGGGTTAGGGTTAGGGTTAGGGTTAG
GCF_001643675.1_Monocercomonoides_exilis	NW_027150621.1	105018	105260	242	+	rna-XM_067871413.1	GT	AG	0.9959	coding-strand	TTAGGG	194	0.802	1	True	True	True	TAGG	GGTT	[]	GTTAGGGTTAGGGTTAGGGTTAGGGTTAGGGTTAGGGTTAGGGTTAGGGTTAGGGTTAGGGTTAGGGTTAGGGTTAGGTT
GCF_001643675.1_Monocercomonoides_exilis	NW_027150621.1	105375	105586	211	+	rna-XM_067871413.1	GT	AG	1.0	coding-strand	TTAGGG	211	1.0	0	True	True	True	TAGG	GGTT	[]	GTTAGGTTAGGGTTAGGGTTAGGGTTAGGGTTAGGGTTAGGTTAGGGTTAGGGTTAGGGTTAGGGTTAGGGTTAGGTTAG
GCF_001643675.1_Monocercomonoides_exilis	NW_027150553.1	1281	1806	525	-	rna-XM_067869487.1	CT	AC	0.9867	template-strand	CCCTAA	509	0.97	1	True	True	True	TAGG	GGTT	[]	CTAACCCTAACCTAACCCTAACCTAACCCTAACCCTAACCCTAACCCTAACCCTAACCCTAACCCTAACCCTAACCCTAA
GCF_001643675.1_Monocercomonoides_exilis	NW_027150553.1	1956	2209	253	-	rna-XM_067869487.1	CT	AC	0.9921	template-strand	CCCTAA	129	0.51	1	True	True	True	TAGG	GGTT	[]	CTAACCCTAACCCCTAACCCTAACCCTAACCCTAACCCTAACCCTAACCCTAACCCCTAACCCTAACCTAACCTAACCCT
GCF_001643675.1_Monocercomonoides_exilis	NW_027150553.1	2404	2458	54	-	rna-XM_067869487.1	CT	AC	1.0	template-strand	CCCTAA	54	1.0	0	True	True	True	TAGG	GGTT	['DUPLICATE_SEQ(3x)']	CTAACCCCTAACCCTAACCCTAACCCTAACCCTAACCCTAACCCTAACCCTAAC
GCF_001643675.1_Monocercomonoides_exilis	NW_027150553.1	2657	2721	64	-	rna-XM_067869487.1	CT	AC	1.0	template-strand	CCCTAA	64	1.0	0	True	True	True	TAGG	GGTT	[]	CTAACCCTAACCCTAACCCTAACCTAACCCTAACCCTAACCCTAACCCTAACCCTAACCCTAAC
GCF_001643675.1_Monocercomonoides_exilis	NW_027150627.1	659	723	64	-	rna-XM_067871467.1	CT	AC	0.9688	template-strand	CCCTAA	51	0.797	1	True	True	True	TAGG	GGTT	['NEAR_CONTIG_START']	CTAACCCTAACAAAACCCTAACCCTAACCCTAACCCTAACCCTAACCCTAACCCTAACCCTAAC
GCF_001643675.1_Monocercomonoides_exilis	NW_027150627.1	844	937	93	-	rna-XM_067871467.1	CT	AC	1.0	template-strand	CCCTAA	93	1.0	0	True	True	True	TAGG	GGTT	['NEAR_CONTIG_START']	CTAACCCTAACCCTAACCCTAACCCTAACCCTAACCCTAACCCTAACCCTAACCCTAACCCTAACCTAACCCTAACCTAA
GCF_001643675.1_Monocercomonoides_exilis	NW_027150627.1	1095	1148	53	-	rna-XM_067871467.1	CT	AC	1.0	template-strand	CCCTAA	53	1.0	0	True	True	True	TAGG	GGTT	['DUPLICATE_SEQ(19x)', 'PERFECTLY_PERIODIC']	CTAACCCTAACCCTAACCCTAACCCTAACCCTAACCCTAACCCTAACCCTAAC
GCF_001643675.1_Monocercomonoides_exilis	NW_027150627.1	1268	1449	181	-	rna-XM_067871467.1	CT	AC	1.0	template-strand	CCCTAA	181	1.0	0	True	True	True	TAGG	GGTT	[]	CTAACCCCTAACCCTAACCCTAACCCTAACCCTAACCCTAACCCTAACCCTAACCCTAACCCTAACCCTAACCCTAACCC
GCF_001643675.1_Monocercomonoides_exilis	NW_027150627.1	1580	1633	53	-	rna-XM_067871467.1	CT	AC	1.0	template-strand	CCCTAA	53	1.0	0	True	True	True	TAGG	GGTT	['DUPLICATE_SEQ(19x)', 'PERFECTLY_PERIODIC']	CTAACCCTAACCCTAACCCTAACCCTAACCCTAACCCTAACCCTAACCCTAAC
GCF_001643675.1_Monocercomonoides_exilis	NW_027150627.1	1807	1933	126	-	rna-XM_067871467.1	CT	AC	1.0	template-strand	CCCTAA	126	1.0	0	True	True	True	TAGG	GGTT	['PERFECTLY_PERIODIC']	CTAACCCTAACCCTAACCCTAACCCTAACCCTAACCCTAACCCTAACCCTAACCCTAACCCTAACCCTAACCCTAACCCT
GCF_001643675.1_Monocercomonoides_exilis	NW_027150627.1	2145	2449	304	-	rna-XM_067871467.1	CT	AC	1.0	template-strand	CCCTAA	304	1.0	0	True	True	True	TAGG	GGTT	[]	CTAACCCTAACCCTAACCCTAACCCTAACCCTAACCCTAACCCTAACCCTAACCCTAACCCTAACCTAACCCTAACCCTA
GCF_001643675.1_Monocercomonoides_exilis	NW_027150627.1	2745	2798	53	-	rna-XM_067871467.1	CT	AC	1.0	template-strand	CCCTAA	53	1.0	0	True	True	True	TAGG	GGTT	['DUPLICATE_SEQ(19x)', 'PERFECTLY_PERIODIC']	CTAACCCTAACCCTAACCCTAACCCTAACCCTAACCCTAACCCTAACCCTAAC
GCF_001643675.1_Monocercomonoides_exilis	NW_027150627.1	3146	3199	53	-	rna-XM_067871467.1	CT	AC	1.0	template-strand	CCCTAA	53	1.0	0	True	True	True	TAGG	GGTT	['DUPLICATE_SEQ(19x)', 'PERFECTLY_PERIODIC']	CTAACCCTAACCCTAACCCTAACCCTAACCCTAACCCTAACCCTAACCCTAAC
GCF_001643675.1_Monocercomonoides_exilis	NW_027150627.1	3432	3688	256	-	rna-XM_067871467.1	CT	AC	0.8516	template-strand	CCCTAA	149	0.582	4	True	False	True	TAGC	GGTT	[]	CTAACCCTAACCCTAACCCTAACCCTAACCTAACCCTAACCCTAACCCTAACCCTAACCCTAACCCTAACCCTAACCCTA
GCF_001643675.1_Monocercomonoides_exilis	NW_027150640.1	625	678	53	-	rna-XM_067871526.1	CT	AC	1.0	template-strand	CCCTAA	53	1.0	0	True	True	True	TAGG	GGTT	['DUPLICATE_SEQ(19x)', 'NEAR_CONTIG_START', 'PERFECTLY_PERIODIC']	CTAACCCTAACCCTAACCCTAACCCTAACCCTAACCCTAACCCTAACCCTAAC
GCF_001643675.1_Monocercomonoides_exilis	NW_027150640.1	781	962	181	-	rna-XM_067871526.1	CT	AC	1.0	template-strand	CCCTAA	160	0.884	1	True	True	True	TAGG	GGTT	['NEAR_CONTIG_START']	CTAACCTAACCCTAACCTAAACCTAACCCTAACCCTAACCCTAACCCTAACCCTAACCCTAACCCTAACCCTAACCTAAC
GCF_001643675.1_Monocercomonoides_exilis	NW_027150640.1	1063	1143	80	-	rna-XM_067871526.1	CT	AC	1.0	template-strand	CCCTAA	80	1.0	0	True	True	True	TAGG	GGTT	[]	CTAACCCTAACCCTAACCCTAACCCTAACCCTAACCTAACCCTAACCCTAACCCTAACCCTAACCTAACCCTAACCTAAC
GCF_001643675.1_Monocercomonoides_exilis	NW_027150640.1	1335	1547	212	-	rna-XM_067871526.1	CT	AC	1.0	template-strand	CCCTAA	212	1.0	0	True	True	True	TAGG	GGTT	[]	CTAACCCTAACCCTAACCCTAACCCTAACCCTAACCCTAACCCTAACCTAACCCTAACCCTAACCCTAACCTAACCCTAA
GCF_001643675.1_Monocercomonoides_exilis	NW_027150640.1	1638	1766	128	-	rna-XM_067871526.1	CT	AC	0.9922	template-strand	CCCTAA	103	0.805	1	True	True	True	TAGG	GGTT	[]	CTAACCCTAACCCTAACCCTAACCTACCCTAACCCTAACCTAACCCTAACCCTAACCCTAACCCTAACCCTAACCCTAAC
GCF_001643675.1_Monocercomonoides_exilis	NW_027150640.1	1940	1993	53	-	rna-XM_067871526.1	CT	AC	1.0	template-strand	CCCTAA	53	1.0	0	True	True	True	TAGG	GGTT	['DUPLICATE_SEQ(19x)', 'PERFECTLY_PERIODIC']	CTAACCCTAACCCTAACCCTAACCCTAACCCTAACCCTAACCCTAACCCTAAC
GCF_001643675.1_Monocercomonoides_exilis	NW_027150640.1	2221	2273	52	-	rna-XM_067871526.1	CT	AC	1.0	template-strand	CCCTAA	52	1.0	0	True	True	True	TAGG	GGTT	['DUPLICATE_SEQ(2x)']	CTAACCCTAACCCTAACCCTAACCTAACCCTAACCCTAACCCTAACCCTAAC
GCF_001643675.1_Monocercomonoides_exilis	NW_027150640.1	2345	2576	231	-	rna-XM_067871526.1	CT	AC	0.961	template-strand	CCCTAA	149	0.645	2	True	True	True	TAGG	GGTT	[]	CTAACCTAGTTTGAACCCTAACCTAACCCTAACCCTAACCCTAACCCTAACCCTAACCCTAACCCTAACCCTAACCCTAA
GCF_001643675.1_Monocercomonoides_exilis	NW_027150640.1	2839	2926	87	-	rna-XM_067871526.1	CT	AC	1.0	template-strand	CCCTAA	87	1.0	0	True	True	True	TAGG	GGTT	[]	CTAACCTAACCTAACCCTAACCCTAACCCTAACCCTAACCCTAACCCTAACCCCTAACCCTAACCCTAACCCTAACCCTA
GCF_001643675.1_Monocercomonoides_exilis	NW_027150644.1	1828	1907	79	-	rna-XM_067871543.1	CT	AC	0.9494	template-strand	CCCTAA	48	0.608	1	True	True	False	TAGG	GTTA	[]	CTTAACCCTAACCCTAACCTAACCTACTTAACCTAACCTAACCCTAACCTAACCTAACCCTAACCTAACCTAACCTAAC
GCF_013076305.1_Rhopilema_esculentum	NW_027019556.1	3316	3442	126	-	rna-XR_010516402.1	CT	AC	1.0	template-strand	CCCTAA	126	1.0	0	True	True	True	TAGG	GGTT	[]	CTAACCCTAACCCTAACCCTAACCCTAACCCTAACCCTAACCCTAACCCTAACCCTAACCCTAACCCTAACCCTAACCCT
GCF_013076305.1_Rhopilema_esculentum	NW_027019556.1	3316	3405	89	-	rna-XR_010516401.1	CT	AC	1.0	template-strand	CCCTAA	89	1.0	0	True	True	True	TAGG	GGTT	['PERFECTLY_PERIODIC']	CTAACCCTAACCCTAACCCTAACCCTAACCCTAACCCTAACCCTAACCCTAACCCTAACCCTAACCCTAACCCTAACCCT
GCF_018327825.1_Ciona_intestinalis	NC_136095.1	2063337	2063426	89	+	rna-XR_013590301.1	GT	AG	0.9663	coding-strand	TTAGGG	61	0.685	3	True	True	True	TAGG	GGTT	[]	GTTAGGGGTTAGGAGTTAGGAGTTAGGAGTTAGGGGTTAGGGGTTAGGGGTTAGGGGTTAGGGGTTAGGGGTTAGGGGTT
GCF_018327825.1_Ciona_intestinalis	NC_136095.1	5679929	5680012	83	-	rna-XR_013590257.1	CT	AC	1.0	template-strand	CCCTAA	78	0.94	0	True	False	False	TTAG	GTTT	[]	CTAAACCCTAAACCCTAAACCCTAAACCCTAAACCCTAAACCCTAAACCCTAAACCCTAAACCCTAAACCCTAAACCCTA
GCF_018327825.1_Ciona_intestinalis	NC_136096.1	3717665	3717880	215	-	rna-XR_013590717.1	CT	AC	0.9674	template-strand	CCCTAA	208	0.967	0	True	True	False	TAGG	TTTA	[]	CTTAAACCCCTAACCCCTAACCCCTAACCCCTAACCCCTAACCCCTAACCCCTAACCCCTAACCCCTAACCCCTAACCCT
GCF_018327825.1_Ciona_intestinalis	NC_136105.1	1124620	1124669	49	+	rna-XR_013592984.1	GT	AG	0.8571	coding-strand	TTAGGG	42	0.857	0	True	True	False	TAGG	TTTA	[]	GTTAGGGGTTAGGGGTTAGGGGTTAGGGGTTAGGGGTTAGGGGTTTAAG
GCF_021464435.1_Cataglyphis_hispanica	NC_065959.1	186	268	82	-	rna-XR_007687560.1	CT	AC	0.8659	template-strand	CCCTAA	52	0.634	1	True	False	True	TGGG	GGTT	['NEAR_CONTIG_START']	CTAACCTAACCTAATCCCAACCTAACCTAACCTAACCTAACCTAACCTAACCTAACCTAACCTAACCTAACCTAATCCCA
GCF_021464435.1_Cataglyphis_hispanica	NC_065959.1	191	268	77	-	rna-XR_007687559.1	CT	AC	0.8571	template-strand	CCCTAA	52	0.675	1	True	False	True	TGGG	GGTT	['NEAR_CONTIG_START']	CTAACCTAATCCCAACCTAACCTAACCTAACCTAACCTAACCTAACCTAACCTAACCTAACCTAACCTAATCCCAAC
GCF_021464435.1_Cataglyphis_hispanica	NW_026099263.1	748	779	31	+	rna-XR_007688716.1	GT	AG	0.9032	coding-strand	TTAGGG	21	0.677	1	True	True	True	TAGG	GGTT	['DUPLICATE_SEQ(2x)', 'NEAR_CONTIG_START']	GTTAGGTTAGGTTAGGTTAGGATTGGGTTAG
GCF_021464435.1_Cataglyphis_hispanica	NW_026099263.1	748	779	31	+	rna-XR_007688717.1	GT	AG	0.9032	coding-strand	TTAGGG	21	0.677	1	True	True	True	TAGG	GGTT	['DUPLICATE_SEQ(2x)', 'NEAR_CONTIG_START']	GTTAGGTTAGGTTAGGTTAGGATTGGGTTAG
GCF_030449975.1_Polyergus_mexicanus	NW_027223342.1	2043795	2051268	7473	-	rna-XM_070312685.1	CT	AC	0.9605	template-strand	CCCTAA	7082	0.948	1	True	False	False	GTGT	NNGC	[]	CTGCNNNNNNNNNNNNNNNNNNNNNNNNNNNNNNNNNNNNNNNNNNNNNNNNNNNNNNNNNNNNNNNNNNNNNNNNNNNN
GCF_040581485.1_Linepithema_humile	NC_090133.1	97310	97395	85	-	rna-XR_010890704.1	CT	AC	1.0	template-strand	CCCTAA	85	1.0	0	True	True	True	TAGG	GGTT	[]	CTAACCTAACCTAACCTAACCTAACCTAACCTAACCTAACCTAACCTAACCTAACCTAACCTAACCTAACCTAACCTAAC
GCF_048541705.1_Temnothorax_americanus	NW_027509401.1	635463	635523	60	-	rna-XR_013257451.1	CT	AC	0.9167	template-strand	CCCTAA	32	0.533	2	True	False	True	CAGG	GGTT	[]	CTAACCTGACCTAACCTAACCTAACCTAACCTAACCTAACCTGACCTAACCTAACCTGAC
