species	contig	start	end	length	telo_coverage	orientation	donor_reported	acceptor_reported	genomic_donor	genomic_acceptor	gene_name	gene_biotype	n_exons	n_introns	prev_exon_len	next_exon_len	exon_index	prev_exon_telo	next_exon_telo	annotation_source	notes	flags	left_flank_100bp	right_flank_100bp	intron_seq
Eimeria_necatrix	NW_013654845.1	80571	80726	155	0.8774193548387097	coding-strand	GT	AG	GT	AG	ENH_00002920	protein_coding	8	7	228	72	0	0.053	0.0	RefSeq			TGGGGGCCCCCCTAGCAAAGGGGAAGACCTGACTCTAATTGAGGGTTTAGTTTTGAAGTGCAGGGTTTTGGGGAAGGGCCTGGCCTTTGCTGATGTGCAG	GGCGCGGGAAACACCCCCGCGTTGGTGAACAGTTTGTTGACTTCGCTGTGCAACATTTCGCCCTTCTTTAGGGTTTAGGGTTTAGGGTTTAGGGTTTTAG	GTATGGAGTTGGGGTTTAGGGTTTAGGGTTTAGGGTTTAGGGTTTAGGGTTTAGGGTTTAGGGTTTAGGGTTTAGGGTGGGGGTTTAGGGTTTAGGGTTTAGGGTTTAGGGTTTAGGGTTTAGGGTTTAGGGTTTAGGGTTTAGGGTTTGTGCAG
Eimeria_necatrix	NW_013654926.1	6698	6758	60	0.9833333333333333	template-strand	CT	AC	CT	AC	ENH_00012070	protein_coding	12	11	34	140	7	0.0	0.0	RefSeq			ACCCTAAGCACCAGCACAAACCCCATGACGCACAAACCCTAAACCCTAAACCCTAAACCCGCGTACCAGCACGAAAGCGACAGCGCAGAAGAGCATGAAC	CAGAACGAAAGCCACGACGCAGAAAAGCATAAAGTGCTGCCACCTTTTGCTGCCTTCATAAAGACAACAATAAAAATAATTTTCTTCGAAGTTTTGTCTT	CTAACCCCTAAACCCTAAACCCTAAACCCTAAACCCTAAACCCTAAACCCTAAACCCTAC
Eimeria_necatrix	NW_013654926.1	6898	7005	107	0.8504672897196262	template-strand	CT	AC	CT	AC	ENH_00012070	protein_coding	12	11	140	81	8	0.0	0.0	RefSeq			CACCTTTTGCTGCCTTCATAAAGACAACAATAAAAATAATTTTCTTCGAAGTTTTGTCTTTGGCAAATTTCGAGGCGTTTCGGCCACTTGGGACGCTTGA	CAGTATCGTCAGGAATACCACCGCTATGTACCAAACCCCAATCTTCAGTTTCAGCGGCCACGCAGGAAACATGCAGATGCACTGCAGCAACAAACAAAAC	CTGCGCACAAACCCTAAACCCTAAACCCTAAACCCTAAACCCTAAACCCTAAACCCTAAACCCTAAACCGCTAAACCCTAAACCCTAAACCCTAAACCCTCGCTCAC
Eimeria_necatrix	NW_013655000.1	213217	213280	63	1.0	coding-strand	GT	AG	GT	AG	ENH_00020710	protein_coding	8	7	72	79	2	0.0	0.0	RefSeq			TAGGGTTTAGGGTTTAGGGTTTATGCAGGGCGCGGGAAACACCCCCGCGTTGGTGAACAGTTTGTTGACTTCGCTGTGCAACATTTCGCCCTTCTTTAGG	CTTGCGCAGGCCTTAGCTGGCTCCCAAGTTCGCCGCGTGGCCCAGACGCTGCGGCTGCGGGACTTGGGATTTTTCAAAGGTCATAAACTGCCAGTGACTT	GTTTAGGGTTTAGGGTTTAGGGTTTTAGGGTTTAGGGTTTAGGGTTTAGGGTTTAGGGTTTAG
Eimeria_necatrix	NW_013655067.1	21924	21957	33	0.9090909090909091	coding-strand	GT	AG	GT	AG	ENH_00023640	protein_coding	5	4	175	29	2	0.0	0.0	RefSeq			CAGCAGCAGCAGCAGAATTCGCAAGGTTTCATGAGGCCTTCCAGTTCAGCGACGCGCAGCGCATCTTCGAAATGGCCTTCGGGGGTTCTCCCTTTGGGCG	GGTTTATTGTTTCGGGCGGAGAGTTGAAGGTTTAGGGTTTGGGGGGCGGGGGTTTAGGGTTTACGCCGCTTTTTGGACGGTGAGGGTTTGGCGTCGAGGG	GTGAGGGTTTAGGGTTTAGGGTTTAGGGTTTAG
Eimeria_necatrix	NW_013655070.1	3742	4095	353	0.9291784702549575	coding-strand	GT	AG	GT	AG	ENH_00023600	protein_coding	8	7	72	111	6	0.0	0.0	RefSeq			TAGGGTTTAGGGTTTAGGGTTTATGCAGGGCGCGGGAAACACCCCCGCGTTGGTGAACAGTTTGTTGACTTCGCTGTGCAACATTTCGCCCTTCCTTAGG	GCCCTTGCTTCCATGCCTCCGATTGACTGTGTCTTTGGAAAACCCACAATTAGAGAATATGCAGAAACTCAAAACAAAATGAGAAAAATAGCGCAAAAGC	GTTTAGGGTTTAGGGTTTAGGGTTTAGGGTAGGGTTAGGGTTTAGGGTTTAGGGTTTAGGGTTTAGGGTTTAGGGTTTAGGGTTTAGGGTTTAGGGTTTAGGGGGTTTAGGGTTTAGGGTTTGGGGTTAGGTTTGGGGTTTAGGGTTTAGGGTTTAGGGTTTAGGGTTTAGGGTTTAGGGTTTAGGGTTTAGGGTTTAGGTTTAGGGTTTAGGGTTTAGGGTTTAGGGTTTTAGGGTTTAGGGTTTAGGGTTTAGGGTTTAGGGTTTAGGGGGGTTTAGGGTTTAGGGTTTAGGGTTTAGGGTTTAGGGTTTAGGGTTTAGGGTTTAGGGTTTAGGGTTTATGGGTGTTTCAG
Eimeria_necatrix	NW_013655109.1	51334	51391	57	0.8771929824561403	coding-strand	GT	AG	GT	AG	ENH_00026000	protein_coding	4	3	48	90	0	0.0	0.0	RefSeq			TGCTGCTGCTGCATATTGTGGTGATGGTCGTGCTGCTGCTACTGCTGCTGCGATGATGCTGCTGCTGCTGCTGAAAGCAGCAGCGCTTAGGTCTTACGCT	GTGTTGGGATCTGACGGCATTTTCGATGTTTTGTCTGATGATGAAGTTGTCAAATTAATTCTTAAGAAGCTCCCGCCGACTCCCCAAGAGGTTTGCTGCT	GTAGGGTTTAGGGTTTAGGGTTTAGGGTTTAGGGTTTAGGGTTTAGGGTTTGCTCAG
Eimeria_necatrix	NW_013655132.1	3032	3453	421	0.9121140142517815	template-strand	CT	AC	CT	AC	ENH_00028970	protein_coding	7	6	76	561	1	0.0	0.0	RefSeq			AAACCCTAATCCTGAACCTAGGACCTTGTAAATGATGCTGTTCGAGGCGAAGGACCGGCGCAACAGTCGTTTGTGAGAGACGCCGCAGACCGCCAAAACC	CTGTGTCCACGTGTCCCAAGATGCAGCAGATGGGAGACCGCAGCGAGGTTGTTTCCTTGATGTTCTTGCGGGGAACAATTTCTGCTGCTGGTGCTGCTGC	CTAAACCCTAAACCCTAAACCCTAAACCCTAAACCCTAAACCCTAAACCCTAAACCCTAAACACAAAACCCTAAACCCTAAACCCTAAACCCTAAACCCTAAACCCTAAACCCTAAACCCTAAACCCTAAACCGCAAACCCTAAACCCTAAACCCTAAACCCTAAACCCTAAACCCTAAACCCTAAACCCTAAGCTGACCACTGCCCTAAACCCTAAACCCTAAACCCTAAACCCTAAACCCTAAACCCTAAACCCTAAACCCTAAACCCTAAAACAAAACCCTAAACCCTAAACCCTAAACCCTAAACCCTAAACCCTAAACCCTAAACCCTAAACCCTAAACCGCAAACCCTAAACCCTAAACCCTAAACCCTAAACCCTAAACCCTAAACCCTAAACCCTAAGCTGACCACTGCTCAC
Eimeria_necatrix	NW_013655168.1	15685	15841	156	0.8974358974358975	coding-strand	GT	AG	GT	AG	ENH_00030860	protein_coding	11	10	177	72	3	0.034	0.0	RefSeq			TTTGGCTTTGCAACTTCGGGAAAAAGTGCAGAGTTTTGTGGAGGGAAATGAGGAGGTTTGGAAGCAGCAAATGCGCCACGAAGTCCGCAGTCTTTGCAAG	GGCGCGGGAAACACCCCCGCGTTGGTGAACAGTTTGTTGACTTCGCTGTGCAACATTTCGCCCTTCTTTAGGGTTTAGGGTTTAGGGTTTAGGGTTTTAG	GTCAGGGCGAGGGTTTAGGGTTTAGGGTTTAGGGTTTAGGGTTTAGGGTTTAGGGTTTAGGGTTTAGGGTTTAGGGTTTGGGGGTTTAGGGTTTAGGGTTTAGGGTTTAGGGTTTAGGGTTTAGGGTTTAGGGTTTAGGGTTTAGGGTTTATGCAG
Eimeria_necatrix	NW_013655168.1	15913	16053	140	0.9642857142857143	coding-strand	GT	AG	GT	AG	ENH_00030860	protein_coding	11	10	72	72	4	0.0	0.0	RefSeq			TAGGGTTTAGGGTTTAGGGTTTATGCAGGGCGCGGGAAACACCCCCGCGTTGGTGAACAGTTTGTTGACTTCGCTGTGCAACATTTCGCCCTTCTTTAGG	GGCGCGGGAAACACCCCCGCGTTGGTGAACAGTTTGTTGACTTCGCTGTGCAACATTTCGCCCTTCTTTAGGGTTTAGGGTTTAGGGTTTAGGGTTTTAG	GTTTAGGGTTTAGGGTTTAGGGTTTTAGGGTTTAGGGTTTAGGGTTTAGGGTTTAGGGTTTAGGGGGGTTTAGGGTTTAGGGTTTAGGGTTTAGGGTTTAGGGTTTAGGGTTTAGGGTTTAGGGTTTAGGGTTTATGCAG
Eimeria_necatrix	NW_013655266.1	8398	8779	381	0.863517060367454	template-strand	CT	AC	CT	AC	ENH_00037790	protein_coding	6	5	178	30	4	0.0	0.0	RefSeq			GCAGCAGCAGCGCCTCGCTTTGTCTCTTTTGAGCAGTTTCAATTAAAAACTTCCAAGAGATATTTGTTCCTTTTAAAGGGACATTTAGCGACTCCGCGCC	CTTTTCGCCCCTTTCAAACGCTAAAGTCATTTTTCAGTGCCCCAAACCCTCGTCACTACTGCAATTCTGCTGCTGCTGCTGCTGTTGCTGCTGTTGCTGC	CTGCACCACAAACCCTAAACCCTAAACCCTAAACCCTAAACCCTAAACCCTAAACCCTAAACCCTAAACCCTAAATACAAACCCTAAACCCTAAACCCTAAACCCTAAACCCTAAACCCTAAACCCTAAACCCTAAACCCTAAACCCCTAAACCCTAAACCCTAAACCCTAAACCCTAAACCCTAAACCCTAAACCCTAAACCCTAAACCCTAAAACAAAACCCTAAACCCTAAACCCTAAACCCTAAACCCTAAACCCTAAACCCTAAACCCTAAACCCTAAACCGCAAACCCTAAACCCTAAACCCTAAACCCTAAACCCTAAACCCTAAACCCTAAACCCTAAGCTGACCACTGCAGCCCTCGCCCAGCCTGGCAAAC
Eimeria_necatrix	NW_013655299.1	36684	36779	95	0.8526315789473684	coding-strand	GT	AG	GT	AG	ENH_00041440	protein_coding	7	6	114	59	2	0.0	0.0	RefSeq			GCAGCAGCAGGAGACGCTGCAGCAGCAGCTGGCCAGAGTGAAGCAGTCCAGACACCGCAGCGCCATTGCCATTAAAAGCGCAGAGGCCGCAGTCCAAAGC	GCTTTTCTGGACTTTGCTGCTGCTGCTGCTGCTGCAGATGCGGGAAGCTCGGCCAGAGTGTAAGGTGTACAGGCAGATAGCCAGGCTGTAAGCCTTGCTG	GTAGGCTCCAGGGTTTAGGGTTTAGGGTTTAGGGTTTAGGGTTTAGGGTTTAGGGTTTGGGGTTTAGGGTCTAGGGTTTAGGGCTGAGGGTTTAG
Eimeria_necatrix	NW_013655347.1	72720	72771	51	0.8823529411764706	template-strand	CT	AC	CT	AC	ENH_00046930	protein_coding	2	1	536	925	0	0.0	0.0	RefSeq			GAAATAGACGAAGTCTGCTGCTGCTGCTGCTGCTCACAAACTCCATGCAAAATGAAACGGAAGCACTTAGCGGCGAAAGAACGAGCGAACCCCCCAAACC	CCAGGATGTTTGGAAGGGGCACGTTGAGGCCTTGTGCTGCAGCAATTTCCATTTCTGCTTCTGCTGCTGCATCCGACAGCAGCGAGTCCAAGTCGAGGCC	CTAAACCCTAAACCCTAAACCCTAAACCCTAAACCCTAAACCCTAGCTCAC
Eimeria_necatrix	NW_013651669.1	115424	115573	149	0.9463087248322147	coding-strand	GT	AG	GT	AG	ENH_00059870	protein_coding	4	3	243	120	2	0.0	0.058	RefSeq			CAGCAGCAGCAAGGAGCCCCACGTCAAGAAGGTGGAGATATATCTTTCGGACTTTGGAAAGGAAAGAATAGAAGTGGAAAAGATTAAGGGGCCAGCAGTG	GGTTTAGGGTACCACTGCGAGAATAGTGACTGCGAAGGCCTCCAGGTGGCGCTTCACGAGGGGCAGTTTGGAAGACAGCGCAGCCAAACGTGGCGCGGTA	GTCAGCTTAGGGTTTAGGGTTTAGGGTTTAGGGTTTAGGGTTTAGGGTTTAGGGTTTAGGGTTTGGGGTTTAGGGTTTAGGGTTTAGGGTTTAGGGTTTAGGGTTTAGGGTTTAGGGTTTAGGGTTTAGGGTTTAGGGGTAGGGTTTAG
Eimeria_necatrix	NW_013651683.1	3193	3349	156	0.9423076923076923	coding-strand	GT	AG	GT	AG	ENH_00062040	protein_coding	10	9	69	171	6	0.0	0.0	RefSeq			TGCTGCGCCTGCAGGACTTGTATTTGGCAAGCAATCATTTCAAAAGGCAAGACCCGTCTCGCGCGTTTCATTCTTAAGGGTCCAGGATTTAGGATTTAGG	GGCGCGGGAAACACCCCCGCGTTGGTGAACAGTTTGTTGACTTCGCTGTGCAACATTTCGCCCTTCTTCAGGAGCCTAGAAGCTGATGAACACGCCCCCA	GTTTAGGGTTTCGGGTTTAGGGTTTAGGGTTTAGGGTTTAGGGTTTAGGGTTTAGGGTTTAGGGTTTAGGGTTTAGGGTGGGGGTTTAGGGTTTAGGGTTTAGGGTTTAGGGTTTAGGGTTTAGGGTTTAGGGTTTAGGGTTTAGGGTTTGTGCAG
Eimeria_necatrix	NW_013651702.1	12962	13009	47	0.9787234042553191	template-strand	CT	AC	CT	AC	ENH_00066000	protein_coding	18	17	154	264	15	0.0	0.023	RefSeq			CATTGCCAAGCCAAAGCCAAGGACGCCTCCGAAGAAAAACCCAACTAGCATCATGAAAGGCCCCCATGGCATGAGAAGCACGACAAAACCTGCACAGCCG	ACTCTCGACACTGCACTGCGGAGCTCCCAACGAGCTCTCGCAAGACATTCCAACCCTTCTAGAAGCAAAGGAATCCCCGAAAAGACTTGAAGTGCGCATT	CTAAAACCCTAAACCCTAAACCCTAAACCCTAAACCCTAAACCCTAC
Eimeria_necatrix	NW_013651734.1	8916	8975	59	0.8983050847457628	coding-strand	CT	AC	CT	AC	ENH_00070890	protein_coding	6	5	127	208	1	0.0	0.0	RefSeq			CTCGTTGGCCACAAAAGACACTTCATTAACTTTCAAGTTTGTGAGCAGCAGATCTCCACAAGGGGCCCCCACTTCGACGGTGACGAGATACTGGCCGAGC	GAGCGCATGTCTATGGACCAGCCGTTCGGGTAGTCGCAGTCAATCAGGGGAGAACAAAGTTCTGCTGCAGTGCAGTTTTGCTGCGGAAAAGAAACGCCGC	CTAGGGTTTAGGGTTTAGGGTTTAGGGTTTAGGGTTTAGGGTTTAGGGTTTAGGCTCAC
Eimeria_necatrix	NW_013651763.1	2773	2913	140	0.9642857142857143	coding-strand	GT	AG	GT	AG	ENH_00077680	protein_coding	6	5	72	178	3	0.0	0.0	RefSeq			TAGGGTTTAGGGTTTAGGGTTTATGCAGGGCGCGGGAAACACCCCCGCGTTGGTGAACAGTTTGTTGACTTCGCTGTGCAACATTTCGCCCTTCTTTAGG	GGCGCGGGAAACACCCCCGCGTTGGTGAACAGTTTGTTGACTTCGCTGTGCAACATTTCGCCCTTCAAGCTACTGCCTGTCACCGAAGAGACACAGCTGG	GTTTAGGGTTTAGGGTTTAGGGTTTTAGGGTTTAGGGTTTAGGGTTTAGGGTTTAGGGTTTAGGGGGGTTTAGGGTTTAGGGTTTAGGGTTTAGGGTTTAGGGTTTAGGGTTTAGGGTTTAGGGTTTAGGGTTTATGCAG
Eimeria_necatrix	NW_013651772.1	10335	10558	223	0.8699551569506726	coding-strand	GT	AG	GT	AG	ENH_00078890	protein_coding	16	15	153	139	6	0.0	0.0	RefSeq			GCACAAAAACAAAAAAAGAAAAAAATAAAAAAATAAAAGAAGAAATTGGAATTCGAAAGAAAGAAGGCACTGAAGACCAGCTGGAGGAGTTCTACGAAAA	AGTGGAGCTGACGCTGTGCGAAGGCCGCAGCGTGGAGTGTACAGACACCTGGACGCGGCCTGTGGGGAAAGGCCGGGCGAAGGGAAAGCAGCGGAAAGAG	GTCCGGAGCTAGGGTTTAGGGTTTAGGGTTTAGGGTTTAGGGTTTAGGGTTTAGGGTTTAGGGTTTAGGGTTTAGGGCAGTGGTCAGCTTAGGGTTTAGGGTTTAGGGTTTAGGGTTTAGGGTTTAGGGTTTAGGGTTTAGGGTTTGCGGTTTAGGGTTTAGGGTTTAGGGTTTAGGGTTTAGGGTTTAGGGTTTAGGGTTTAGGGTTTAGGGTTTTGCGCAG
Eimeria_necatrix	NW_013651804.1	8741	8817	76	0.881578947368421	template-strand	CT	AC	CT	AC	ENH_00084820	protein_coding	19	18	56	140	6	0.0	0.0	RefSeq			ACCCTAAACCCTAAACCCTAAACCCTAAACCCTTATGCCTAAACCCTTGATTTCCACCACCAGCCCCTCACACCGACGTTGCAGCCCACCCCTCCAAACC	CCTCCTGGGGCTTGCTGCGCGTCAACGAGGCTGGGGGTTTGCGGCCCCGCAGCAGCAAATTGGATTTGTTTAAAAGCAAGAAGAGATAAAGAAACCATTT	CTAAACCCCAAACCCCAAACCCTAAACCCTAAACCCTAAACCCCAAACCCTAAACCCTAAACCCTAAACCCTAAAC
Eimeria_necatrix	NW_013651816.1	7047	7110	63	1.0	coding-strand	GT	AG	GT	AG	ENH_00000210	protein_coding	12	11	72	268	3	0.0	0.0	RefSeq			TAGGGTTTAGGGTTTAGGGTTTATGCAGGGCGCGGGAAACACCCCCGCGTTGGTGAACAGTTTGTTGACTTCGCTGTGCAACATTTCGCCCTTCTTTAGG	TGCAGCACAAACGCCGTTTCTGTACAACTGGCCCCCAAGAACTCTGGAGTTGAACTCAAATGGGCTTGGCAGTCTCATTTGCCCTACACTTCCTCCAGCT	GTTTAGGGTTTAGGGTTTAGGGTTTTAGGGTTTAGGGTTTAGGGTTTAGGGTTTAGGGTTTAG
Eimeria_necatrix	NW_013651917.1	1371	1439	68	0.9264705882352942	coding-strand	GT	AG	GT	AG	ENH_00004730	protein_coding	9	8	72	111	2	0.0	0.0	RefSeq			TAGGGTTTAGGGTTTAGGGTTTATGCAGGGCGCGGGAAACACCCCCGCGTTGGTGAACAGTTTGTTGACTTCGCTGTGCAACATTTCGCCCTTCTTTAGG	ATTGAAGTCTTAGCAGAACCTTATGAAGGAGAAATTGTGGTTTTGGAAAGGCCCCAATTTGCGCCGCCGCCGCCCTTTGGGGGCCCCAATGTGCATGCGC	GTTTAGGGTTTAGGGTTTAGGGTTTTAGGGTTTAGGGTTTAGGGTTTAGGGTTTAGGGTTTAGTGCAG
Eimeria_necatrix	NW_013651917.1	64043	64130	87	0.8505747126436781	coding-strand	GT	AG	GT	AG	ENH_00004850	protein_coding	18	17	128	236	2	0.0	0.0	RefSeq			GCGTGTGCTGGGTGGGAGCCTCGCTGGTGACTGGGTCTCAGTCGCGTTATCTTTGCGTTTGGAATGAAGAGGGAAAGGCAACTCTTTCAGTTGAAGGTGC	CGCCTTTTGGTTTTCTTTGCAAGTCTCTTGTTCTTTGCAGGCGCCCATGAAGACATCATCCGCTGCGTCGCCGCGCTGCCGCCCTCCAGCAGCAGCAGCA	GTTGAGGGTTTAGGGTTTAGGGTTTAGGGTTTAGGGTTTAGGGTTTGGGGTTAAGGGTTTAGGGTTTAGGGTTTAGGGTTTGCGCAG
Eimeria_necatrix	NW_013652106.1	78491	78551	60	0.8666666666666667	coding-strand	GT	AG	GT	AG	ENH_00012010	protein_coding	3	2	582	201	1	0.0	0.0	RefSeq			TGCTGCTAATGCGAACAGAGCTGCCTTTCGCCTTCCTGCTGCTGTTGCAGTTGGAAAAGCTTTTTCAACAGTTCTGCGCGTGAAGGGGCTATCCACACAG	GGTTTAGAAGAGGGAGTCGCCTTCGCGCCAAGGCAGGAGCCACTGCAGCAAAGAAAAGACATAAAAACTAAAAAGACAAAAAGTGTTAACAGCAGCAGCA	GTAAGGCTTAGGGTTTAGGGTTTAGGGTTTAGGGTTTAGGGTTTAGGGTTTGGGGTTTAG
Eimeria_necatrix	NW_013652118.1	1697	1837	140	0.95	coding-strand	GT	AG	GT	AG	ENH_00012040	protein_coding	4	3	72	72	0	0.0	0.0	RefSeq			TAGGGTTTAGGGTTTAGGGTTTATGCAGGGCGCGGGAAACACCCCCGCGTTGGTGAACAGTTTGTTGACTTCGCTGTGCAACATTTCGCCCTTCTTTAGG	GGCGCGGGAAACACCCCCGCGTTGGTGAACAGTTTGTTGACTTCGCTGTGCAACATTTCGCCCTTCTTTAGGGTTTAGGGTTTAGGGTTTAGGGTTTAGG	GTTTAGGGTTTAGGGTTTAGGGTTTTAGGGTTTAGGGTTTAGGGTTTAGGGTTTAGGGTTTAGGTTTAGGGTTTAGGGTTTAGGGTTTAGGGTTTTAGGGTTTAGGGTTTAGGGTTTAGGGTTTAGGGTTTAGTGTGCAG
Eimeria_necatrix	NW_013652118.1	1909	1977	68	0.8823529411764706	coding-strand	GT	AG	GT	AG	ENH_00012040	protein_coding	4	3	72	226	1	0.0	0.106	RefSeq			GGTTTAGGGTTTAGGGTTTAGTGTGCAGGGCGCGGGAAACACCCCCGCGTTGGTGAACAGTTTGTTGACTTCGCTGTGCAACATTTCGCCCTTCTTTAGG	GCTCCGTCGCGCGTGGTGCGCGTGGTGAGTCCCTTGAGCGGGGGTTTCGAGGGTTTGGAAGGAGTGGATATTTTCGAAAGGGTTTTGAGAAGTATCAAAA	GTTTAGGGTTTAGGGTTTAGGGTTTAGGGTTTAGGGTTTAGGGTTTAGGGTTTAGGGTTTGCGTGCAG
Eimeria_necatrix	NW_013652138.1	47026	47088	62	0.9838709677419355	coding-strand	GT	AG	GT	AG	ENH_00013210	protein_coding	36	35	113	83	11	0.0	0.157	RefSeq			TGACCCCTTTTGAAGTGACCTCCCACTCCTGGATGTGCCCCTTCGCGCGGCTGCCGGGGCTGATTGTGCAGCTCAAGAAAGACGCAGAAGGCGAGCGAGG	GGAAGGGTTTGGGGATTACGGGATAGGTGTAAGGGTGTCGGGTTTAGGGTCTCGGGTTTGGGGTTTAGGATTTGGAGTTAAGGGTTTGGGGTTTTGGGTT	GTTTAGGGTTTAGGGTTTAGGGTTTAGGGTTTGGGGTTTAGGGTTTAGGGTTTAGGGTTTAG
Eimeria_necatrix	NW_013652168.1	4260	4347	87	0.8850574712643678	template-strand	CT	AC	CT	AC	ENH_00013980	protein_coding	7	6	92	1463	3	0.0	0.0	RefSeq			TGGCTCACGGGCCCTGATGACGGCCCTGCAGACGTCGAGGGGTGTGGGGCCCCAACAGCCGTCGAGCAAATCGCTGGGCGCCAAGTGCAGCTCGAAAACC	CTGCAAGTAATGGGGTTTGCGTCTCTGCCGAATTGTCTTCTGCAATCCTTGCAGGGCTTTATAGCTTTTAGAAAAACAGAGTCTGGCAAAGAGGGGCCCC	CTAAGCGCAAACCCTAAACCCTAAACCCTAAACCCTAAACCCTAAACCCTAAACCCTAAACCCTAAACCCTAAAGCCTAAACCCTAC
Eimeria_necatrix	NW_013652388.1	14543	15633	1090	0.8853211009174312	template-strand	CT	AC	CT	AC	ENH_00020930	protein_coding	18	17	117	60	3	0.0	0.0	RefSeq			CGGGCTTGATAATGGACTGCTTGCGAGGGTGAAAATCAATTCTGAGTTTTCCTTCAGATCTGTAGCTGACTTTGCTGATGCACAGGTCCCCGTCTTGCTG	GTTGGGAGGCCGCCGGAACTTCTCAGAGACGCGCTTGATGGACATCAAGGAGCCAAAAACCTGCGCGCAGCGACCCGCAATGTTGAGGGTTTAGGGTTTA	CTGCAGCACAAACCCTAAACCCCAAACCCTAAACCCTAAACCCTAAACCCTAAACCCTAAACCCTAAACCCTAAACCCTCCCTTACCCTAAACCCTAAACCCTAAACCCTAAACCCTAAACCCTAAACCCTAAACCCTAAACCCTAAATACAAACCCTAAACCCTAAACCCTAAACCCTAAACCCTAAACCCTAAACCCTAAACCCTAAACCCTAAACCCCTAAACCCTAAACCCTAAACCCTAAACCCTAAACCCTAAACCCTAAACCCTAAACCCTAAACCCTAAAACAAAACCCTAAACCCTAAACCCTAAACCCTAAACCCTAAACCCTAAACCCTAAACCCTAAACCCTAAACCCCAAACCCTAAACCCTAAACCCTAAACCCTAAACCCTAAACCCTAAACCCTAAACCCTAAGCTGACCACTGCTAAACCCTAAACCCTAAACCCTAAACCCTAAACCCTAAACCCTAGAGCACCTTGAAGCGGGGCAAACCGAGCCCTTACCCTAAACCCTAAACCCTAAACCCTAAACCCTAAACCCTAAACCCTAAACCCTAAACCCTAAATACAAACCCTAAACCCTAAACCCTAAACCCTAAACCCTAAACCCTAAACCCTAAACCCTAAACCCTAAACCCCTAAACCCTAAACCCTAAACCCTAAACCCTAAACCCTAAACCCTAAACCCTAAACCCTAAACCCTAAAACAAAACCCTAAACCCTAAACCCTAAACCCTAAACCCTAAACCCTAAACCCTAAACCCTAAACCCTAAACCGCAAACCCTAAACCCTAAACCCTAAACCCTAAACCCTAAACCCTAAACCCTAAACCCTAAGCTGACCACTGCCCTAAACCCTAAACCCTAAACCCTAAACCCTAAACCCTAAACCCTAAACCCTAAACCCTAAACCCTAAAACAAAACCCTAAACCCTAAACCCTAAACCCTAAACCCTAAACCCTAAACCCTAAACCCTAAACCCTAAACCGCAAACCCTAAACCCTAAACCCTAAACCCTAAACCCTAAACCCTAAACCCTAAACCCTAAGCTGACCACTGCGTTTTCTAGACTTCAAAGACGCAC
Eimeria_necatrix	NW_013653027.1	28698	28766	68	0.8823529411764706	template-strand	CT	AC	CT	AC	ENH_00033670	protein_coding	9	8	110	97	5	0.0	0.0	RefSeq			TTGAACTTGGCGCAGTAGACGCCGTCAGAGGCCCAGGAGAAAGTCTGGAGGGGGACGGAGCGGTTTGGCTCCCACAGCTCCACAGCCTCCCCAGTGCTCA	CCTGGGCCTGGGCCTGGGCCTGGGAAACAAACTCCCATTTGCTGCCACCAAATGAAGGCGAAAGAATGGAATTGAAGGAAAAAGATCTCGCTGCAGCCTG	CTGCGCGCAAACCCTAAACCCTAAACCCTAAACCCTAAACCCTAAACCCTAAACCCTAAACCCTAAAC
Eimeria_necatrix	NW_013653259.1	8994	9134	140	0.9642857142857143	template-strand	CT	AC	CT	AC	ENH_00037000	protein_coding	8	7	72	72	4	0.0	0.0	RefSeq			CTAAAACCCTAAACCCTAAACCCTAAACCCTAAAGAAGGGCGAAATGTTGCACAGCGAAGTCAACAAACTGTTCACCAACGCGGGGGTGTTTCCCGCGCC	CCTAAAGAAGGGCGAAATGTTGCACAGCGAAGTCAACAAACTGTTCACCAACGCGGGGGTGTTTCCCGCGCCCTGCATAAACCCTAAACCCTAAACCCTA	CTGCATAAACCCTAAACCCTAAACCCTAAACCCTAAACCCTAAACCCTAAACCCTAAACCCTAAACCCTAAACCCCCCTAAACCCTAAACCCTAAACCCTAAACCCTAAACCCTAAAACCCTAAACCCTAAACCCTAAAC
Eimeria_necatrix	NW_013653259.1	9206	9356	150	0.9333333333333333	template-strand	CT	AC	CT	AC	ENH_00037000	protein_coding	8	7	72	51	5	0.0	0.0	RefSeq			CTAAAACCCTAAACCCTAAACCCTAAACCCTAAAGAAGGGCGAAATGTTGCACAGCGAAGTCAACAAACTGTTCACCAACGCGGGGGTGTTTCCCGCGCC	GAGCCTCTGCAAGGATGTTGTTTGGCAGCGGCTACGCGCCAAAAGCCCGCTCTGTCCCATAAACCCTAAACCCTAAAGCCCAAACCCCAAACCCTAAGCC	CTGCATAAACCCTAAACCCTAAACCCTAAACCCTAAACCCTAAACCCTAAACCCTAAACCCTAAACCCTAAACCCCCAAACCCTAAACCCTAAACCCTAAACCCTAAACCCTAAACCCTAAACCCTAAACCCTAAACCCTAAACCCTCAC
Eimeria_necatrix	NW_013653524.1	31951	32091	140	0.9642857142857143	coding-strand	GT	AG	GT	AG	ENH_00040320	protein_coding	7	6	72	72	1	0.0	0.0	RefSeq			TAGGGTTTAGGGTTTAGGGTTTGTGCAGGGCGCGGGAAACACCCCCGCGTTGGTGAACAGTTTGTTGACTTCGCTGTGCAACATTTCGCCCTTCTTTAGG	GGCGCGGGAAACACCCCCGCGTTGGTGAACAGTTTGTTGACTTCGCTGTGCAACATTTCGCCCTTCTTTAGGGTTTAGGGTTTAGGGTTTAGGGTTTTAG	GTTTAGGGTTTAGGGTTTAGGGTTTTAGGGTTTAGGGTTTAGGGTTTAGGGTTTAGGGTTTAGGGGGGTTTAGGGTTTAGGGTTTAGGGTTTAGGGTTTAGGGTTTAGGGTTTAGGGTTTAGGGTTTAGGGTTTATGCAG
Eimeria_necatrix	NW_013653524.1	32163	32219	56	1.0	coding-strand	GT	AG	GT	AG	ENH_00040320	protein_coding	7	6	72	277	2	0.0	0.112	RefSeq			TAGGGTTTAGGGTTTAGGGTTTATGCAGGGCGCGGGAAACACCCCCGCGTTGGTGAACAGTTTGTTGACTTCGCTGTGCAACATTTCGCCCTTCTTTAGG	GGTTTAGGGGCAGACGTGTCTCACGAGCTGCACAAGGTGATGGCGGCGGCGATGACTCTGATGCAGAAGAGCAAAAGGGCCATCGAGGGTTTAGGGTTTG	GTTTAGGGTTTAGGGTTTAGGGTTTTAGGGTTTAGGGTTTAGGGTTTAGGGTTTAG
Eimeria_necatrix	NW_013653704.1	7000	7143	143	0.9370629370629371	coding-strand	GT	AG	GT	AG	ENH_00042540	protein_coding	11	10	67	83	3	0.0	0.0	RefSeq			TGCTTAAAAGCTGCTGCGCTGCTGATGGTGCAGCGGCCGCTGCAGGTCACAACAGCTCTTATGGATTCTTTCATGTATGTGCAGATCGAGAACTCCACAG	GGTTTATGCAGGGCGCGGGAAACACCCCCGCGTTGGTGAACAGTTTGTTGACTTCGCTGTGCAACATTTCGCCCTTCTTTAGGGTTTAGGGTTTAGGGTT	GTCCGCGAGGGTTTAGGGTTTAGGGTTTAGGGTTTAGGGTTTAGGGTTTAGGGTTTAGGGTTTAGGGTTTAGGGTTTGGGGGTTTAGGGTTTAGGGTTTAGGGTTTAGGGTTTAGGGTTTAGGGTTTAGGGTTTAGGGTTTAG
Eimeria_necatrix	NW_013653704.1	7226	7366	140	0.9642857142857143	coding-strand	GT	AG	GT	AG	ENH_00042540	protein_coding	11	10	83	72	4	0.0	0.0	RefSeq			TAGGGTTTAGGGTTTAGGGTTTATGCAGGGCGCGGGAAACACCCCCGCGTTGGTGAACAGTTTGTTGACTTCGCTGTGCAACATTTCGCCCTTCTTTAGG	GGCGCGGGAAACACCCCCGCGTTGGTGAACAGTTTGTTGACTTCGCTGTGCAACATTTCGCCCTTCTTTAGGGTTTAGGGTTTAGGGTTTAGGGTTTTAG	GTTTAGGGTTTAGGGTTTAGGGTTTTAGGGTTTAGGGTTTAGGGTTTAGGGTTTAGGGTTTAGGGGGGTTTAGGGTTTAGGGTTTAGGGTTTAGGGTTTAGGGTTTAGGGTTTAGGGTTTAGGGTTTAGGGTTTATGCAG
Eimeria_necatrix	NW_013654060.1	2127	2363	236	0.940677966101695	coding-strand	GT	AG	GT	AG	ENH_00046460	protein_coding	15	14	69	106	3	0.0	0.0	RefSeq			GTTTAGGGTTTAGGGTTTAGGGTTTATGCAGGGCGCGGGAAACACCCCCGCGTTGGTGAACAGTTTGTTGACTTCGCTGTGCAACATTTCGCCCTTCAGG	ACCACTGCGAGAATAGTGACTGCGAAGGCCTCCAGGTGGCGCTTCACGAGGGGCAGTTTGGAAGACAGCGCAGCCAAACGTGGCGCGGTACTACGCGGAC	GTTAGGGTTTAGGGTTTAGGGTTTAGGGTTTAGGGTTTAGGGTTTAGGGTTTAGGGTTTAGGGTTTAGGGGGTTTAGGGTTTAGGGTTTGGGGTTAGGTTTGGGGTTTAGGGTTTAGGGTTTAGGGTTTAGGGTTTAGGGTTTAGGGTTTAGGGTTTAGGGTTTAGGTTTAGGGTTTAGGGTTTAGGGTTTAGGGTTTTAGGGTTTAGGGTTTAGGGTTTAGGGTTTAGGGTTTAG
Eimeria_necatrix	NW_013654329.1	7610	7698	88	0.8522727272727273	template-strand	CT	AC	CT	AC	ENH_00054290	protein_coding	18	17	91	62	13	0.0	0.0	RefSeq			GCAGCTTACTGCAACAGCAAAATCATCTCGCCAACTCATTGGCCCTTTTGCTGCTTTTTCCACTTCCTCGTCAAGCACTGTCTTTAGCTTTTGCAAACGC	CCTTCCTCGGCGGTCAGCGGTCGCCGCGAGCTTCCAGCGAGTCCCTTTTCTTTCTCCTTCTCCTGAGAGACAAAATCCAAACCCTAAACCCTAAACCCTA	CTGCTCACACCCTAAAAACCCTAAACCCTAAACCCTAAACCCTAAACCGTAAACCCTAAACCTTAAACCCTAAACCCTAAACCCTCAC
Eimeria_necatrix	NW_013654339.1	19704	19757	53	0.9811320754716981	template-strand	CT	AC	CT	AC	ENH_00055430	protein_coding	15	14	92	143	3	0.098	0.0	RefSeq			ACCCTAACCTGGGCATCAGTGCCCCCGCTGACGGCGTTGCTGATGGCCCAAGCCCTACACCCTCCACCCTCCTCCCTCCACCCCGCCCTAACCCCAAACC	CTGGGCATCAGTGCCCCCGCTGACGGCGTTGCTGATGGCCCAAGCTGCTTCTTTTTTTGTGTCAAATTCGGCTGTCTCCAAAACGTGCAGCAGCGCGGGC	CTAAACCCAAACCCTAAACCCTAAACCCTAAACCCTAAACCCTAAACCCTAAC
Eimeria_necatrix	NW_013654348.1	16599	16739	140	0.9642857142857143	coding-strand	GT	AG	GT	AG	ENH_00056170	protein_coding	26	25	72	94	7	0.0	0.0	RefSeq			TAGGGTTTAGGGTTTAGGGTTTATGCAGGGCGCGGGAAACACCCCCGCGTTGGTGAACAGTTTGTTGACTTCGCTGTGCAACATTTCGCCCTTCTTTAGG	GGCGCGGGAAACACCCCCGCGTTGGTGAACAGTTTGTTGACTTCGCTGTGCAACATTTCGCCCTTCCACAAGGGCCCGTGGTTTATGGTTGAGGGTTTAG	GTTTAGGGTTTAGGGTTTAGGGTTTTAGGGTTTAGGGTTTAGGGTTTAGGGTTTAGGGTTTAGGGGGGTTTAGGGTTTAGGGTTTAGGGTTTAGGGTTTAGGGTTTAGGGTTTAGGGTTTAGGGTTTAGGGTTTATGCAG
Eimeria_necatrix	NW_013654388.1	13202	13294	92	0.9239130434782609	template-strand	CT	AC	CT	AC	ENH_00060020	protein_coding	7	6	73	106	2	0.0	0.0	RefSeq			AACCCTAAACCCTAAACCCTCCAAAACCTTCAGCGCGCGCCTGTCCTTCCAGCCGCACTGCCGACACCAAGAGACACCCACGCTCCAAAACGCCCAAACC	CTGGATGCCGCATATTTTGACTGCATGCAGCGCCAAGTAGCTGGTGAGTCTGTACAGCAGAGAAGAGCCCACGGCCTTGGGCTGCAGCGCGAAAATGTCC	CTAAACCCTAAACCCTAAACCCTAAAACCTAAACCCTAAACCCTAAACCCTAAACCCTAAACCCTAAACCCTAAACCCTAAACCCTCGGGAC
Eimeria_necatrix	NW_013654423.1	6837	6984	147	0.9455782312925171	coding-strand	GT	AG	GT	AG	ENH_00062710	protein_coding	4	3	198	28	2	0.0	0.0	RefSeq			CAGCAGCAGCAGCAGCAAGAATTGGCGCGGGCCAAACGCAGGCGCTGCTGCTCAACTGGGCAGCAGCAGAAAGGCAATACGCAGCAGCTGTCAAGTGCAG	GGCGCGGGAAACACCCCCGCGTTGGTGAACAGTTTGTTGACTTCGCTGTGCAACATTTCGCCCTTCTTTAGGGTTTAGGGTTTAGGGTTTAGGGTTTTAG	GTAGGGTTTAGGGTTTAGGGTTTAGGGTTTAGGGTTTAGGGTTTAGGGTTTAGGGTTTAGGGTTTAGGGTGGGGGTTTAGGGTTTAGGGTTTAGGGTTTAGGGTTTAGGGTTTAGGGTTTAGGGTTTAGGGTTTAGGGTTTATGCAG
Eimeria_necatrix	NW_013654424.1	77104	77175	71	0.9014084507042254	coding-strand	GT	AG	GT	AG	ENH_00063480	protein_coding	9	8	104	194	2	0.0	0.0	RefSeq			TCTCTGTCTCCTGCGCTCATCGCGAACGAGACGTGCAGCTGCTGACGGAACTTCTTTGTCGCATTTTGGGGAGGCCCGGAGACCACAGGGCCTTTTACAA	GCTGTGCATGGTGGACGAGGTGGACTTTTTAGTGACGAAGGGCCAGACCAGAGCGGACATGCGCCTTTCCATGAGAAGCAGCAGCAGCAGCAGCAGCAGC	GTAGGGTTTAGGGTTTAGGGTTTAGGGTTTAGGGTTTAGGGTTTAGGGTTTAGGGTTTAGGGTTTGCTCAG
Eimeria_necatrix	NW_013654467.1	9512	9569	57	0.8947368421052632	coding-strand	GT	AG	GT	AG	ENH_00066570	protein_coding	14	13	125	45	8	0.0	0.0	RefSeq			CAACGGCGGCAGCAACGGCGGAGGCCCCAACGGCTTGAAAGGAAAAATCATTCTTCTCACCAAGGGAGCAGACACTGTTATTTTGCCCCTCCTGAAACAA	GTGGGAACTGTGGAGGAGCGCATGGTGTCTGCAGTAGAATTCAGGGTTTAGGGTTTGGGGTTTAGGGTTTACGATTTCATTTTTTGGGTCGTCCGAAGTA	GTAGGGTTTAGGGTTTAGGGTTTAGGGTTTAGGGTTTAGGGTTTAGGGTTTTGGCAG
Eimeria_necatrix	NW_013654601.1	1317	1470	153	0.9215686274509803	template-strand	CT	AC	CT	AC	ENH_00076010	protein_coding	7	6	72	141	3	0.0	0.0	RefSeq			CTAAAACCCTAAACCCTAAACCCTAAACCCTAAAGAAGGGCGAAATGTTGCACAGCGAAGTCAACAAACTGTTCACCAACGCGGGGGTGTTTCCCGCGCC	CGCTAGCTGCACTGCAGCGTCTGCATCTCCCGTGGCTAGGGCGAGAGCAGCAGGCAGCAAAAATTCAAAGCGGCTGATGTCTTGCTGCTGCTGCAGCCGA	CTGCATAAACCCTAAACCCTAAACCCTAAACCCTAAACCCTAAACCCTAAACCCTAAACCCTAAACCCTAAACCCTAAACCCTAAACCCTAAACCCTAAACCCTAAACCCTAAACCCTAAACCCTAAACCCTAAACCCTAAACCCTTGCTCAC
Eimeria_necatrix	NW_013654619.1	113226	113273	47	0.851063829787234	template-strand	CT	AC	CT	AC	ENH_00077610	protein_coding	6	5	661	305	1	0.0	0.0	RefSeq			TGCTGCTGTTGCTGCTGCTGCTGCTGCTGTTGCTGCTGCTGTTGCTGCTGCCTCTGCAGCTGGTGCCTTTCTCCCCGCCGCACCTCCGAAACCCCAAACC	CTAAGAACTCGTGGGCGTTGCGTTTGCGCGCCGCCTTTTTGCTGCTGCGTGCTGGCTTCTCGTCGCTGCTGCTGCTGCTGCTGCTGCTGCTGTCGCAGTC	CTAAACCCTAAACCCTAAACCCTAAACCCTAAACCCTAAAGTCTGAC
Eimeria_necatrix	NW_013654653.1	12492	12736	244	0.9590163934426229	template-strand	CT	AC	CT	AC	ENH_00079250	protein_coding	22	21	113	166	18	0.115	0.042	RefSeq			CCCTCAGCACATGATGCCACTGCATGCAAAGCACAGCTTTCAGGACTCGAAGCGTCAAAGCCGTCGCCGTCGCCGCAGCCCGCCCCCGAAACCCCAAACC	CTTGAAGCGGGGCAAACCGAGAACGCCAGCCCCAATTCAACAAAACCCGCTTGTCTAGGGTTTTGGGCAAGTTCTCCGTGGGAGGCGCCACAGCCCCCGC	CTAAACCCTAAACCCTAAACCCTAAACCCTAAACCCTAAACCCTAAACCCTAAACCCTTACCCTAAACCCTAAACCCTAAACCCTAAACCCTAAACCCTAAACCCTAAACCCTAAACCCTAAATACAAACCCTAAACCCTAAACCCTAAACCCTAAACCCTAAACCCTAAACCCTAAACCCTAAACCCTAAACCTAAACCCTAAACCCTAAACCCTAAACCCTAAACCCTAAACCCTAGAGCAC
Eimeria_necatrix	NW_013654660.1	10190	10271	81	0.8641975308641975	coding-strand	GT	AG	GT	AG	ENH_00079610	protein_coding	10	9	71	121	5	0.0	0.0	RefSeq			TTTAGGGTTTAGGGTTTAGGGGTGCGCAGGCGGCGAGAGGGAGGCTCTGCTGCGCAGATGACAGGCACCGCGGAGACTCATATTCGCGAAGCTGCTTAGG	CACCTTGAAGTTCAACGCGCGCGTGCAGCGGCTCATCACCCGAGGCACTTATGATCATGTCGGAATGGTTTTGAGAAACCGAAGAGGAGAGGTTTACATT	GTTTAGGGTCGAGGGTTTAGGGTTTAGGGTCGAGGGTTTAGGGTTTAGGGTTTAGGGTTTAGGGTTTAGGGTTTGGCTCAG
Eimeria_necatrix	NW_013654708.1	93416	93487	71	0.9014084507042254	coding-strand	GT	AG	GT	AG	ENH_00082960	protein_coding	14	13	72	112	10	0.0	0.0	RefSeq			TAGGGTTTAGGGTTTAGGGTTTATGCAGGGCGCGGGAAACACCCCCGCGTTGGTGAACAGTTTGTTGACTTCGCTGTGCAACATTTCGCCCTTCTTTAGG	TGCGTGGAGTGGCACCCCAGCGAAGAAGGGGTTTTTGCTGCAGCAAGTTTAGATGACTCTCTCACCTTTTGGGATTTGTCTGTCGAACGAGAAGAACCCA	GTTTAGGGTTTAGGGTTTAGGGTTTTAGGGTTTAGGGTTTAGGGTTTAGGGTTTAGGGTTTAGGTGTGCAG
Eimeria_necatrix	NW_013654729.1	13410	13476	66	0.9090909090909091	coding-strand	GT	AG	GT	AG	ENH_00083490	protein_coding	5	4	72	99	2	0.0	0.061	RefSeq			TAGGGTTTAGGGTTTAGGGTTTATGCAGGGCGCGGGAAACACCCCCGCGTTGGTGAACAGTTTGTTGACTTCGCTGTGCAACATTTCGCCCTTCTTTAGG	GTAAACCGGCTGGTCTACGTGAAACCCTTAAAGAGCCGCTACGAGGCAAATGTGGGCGACGTCGTAGTGGGCAGAGTGGCGGACATAGCCAACGGCAAGG	GTTTAGGGTTTAGGGTTTAGGGTTTAGGGTTTAGGGTTTAGGGTTTAGGGTTTAGGGTTTGCGCAG
Eimeria_necatrix	NW_013654752.1	315	601	286	0.965034965034965	coding-strand	GT	AG	GT	AG	ENH_00084210	protein_coding	11	10	72	69	0	0.0	0.0	RefSeq			GGTTTAGGGTTTAGGGTTTGGGGTTTAGCGCGCGTGGACCGCGTTCTTCTGCAGTCCGCTGAACTCGCCCGTCTCTCCTGCGGCGGAGCCGCCCCCCAGG	GGCGCGGGAAACACCCCCGCGTTGGTGAACAGTTTGTTGACTTCGCTGTGCAACATTTCGCCCTTCAGGGTTAGGGTTTAGGGTTTAGGGTTTAGGGTTT	GTTTGGGGTTTAGGGTTTAGGGTTTAGGGTTTAGGGTTTAGGGTTTAGGGTTTAGGGTTTAGGGTTTAGGGTTTAGGGTTTAGGGTTTAGGGTTTAGGGTTTAGGGTTTAGGGTTTAGGGTTTAGGGTTTAGGGTTTAGGTTTAGGGTTTAGGGTTTAGGGTTTAGGGTTTTAGGGTTTAGGGTTTAGGGTTTAGGGTTTAGGGTTTAGGGGGGTTTAGGGTTTAGGGTTTAGGGTTTAGGGTTTAGGGTTTAGGGTTTAGGGTTTAGGGTTTAGGGTTTATGCAG
Eimeria_necatrix	NW_013654752.1	670	836	166	0.9156626506024096	coding-strand	GT	AG	GT	AG	ENH_00084210	protein_coding	11	10	69	87	1	0.0	0.0	RefSeq			GTTTAGGGTTTAGGGTTTAGGGTTTATGCAGGGCGCGGGAAACACCCCCGCGTTGGTGAACAGTTTGTTGACTTCGCTGTGCAACATTTCGCCCTTCAGG	ACCACTGCGAGAATAGTGACTGCGAAGGCCTCCAGGTGGCGCTTCACGAGGGGCAGTTTGGAAGACAGCGCAGCCAAACGTGGCGCGGTACTACGCGGAC	GTTAGGGTTTAGGGTTTAGGGTTTAGGGTTTAGGGTTTAGGGTTTAGGGTTTAGGGTTTAGGGTTTAGGGGGTTTAGGGTTTAGGGTTTGGGGTTAGGTTTGGGGTTTAGGGTTTAGGGTTTAGGGTTTAGGGTTTAGGGTTTAGGGTTTAGGGTTTAGGGTTTAG
Eimeria_necatrix	NW_013654752.1	1186	1352	166	0.9156626506024096	coding-strand	GT	AG	GT	AG	ENH_00084210	protein_coding	11	10	69	132	3	0.0	0.045	RefSeq			GTTTAGGGTTTAGGGTTTAGGGTTTGTGCAGGGCGCGGGAAACACCCCCGCGTTGGTGAACAGTTTGTTGACTTCGCTGTGCAACATTTCGCCCTTCAGG	GGGCAGACTTGTTCACGCACTACATCGCTGGCAAACCCTTGGCCGACTGCAGCGTTTCCGTTTTGAGCGGAGCTCTTTTATCCGCCGATTTGTTGTTGGA	GTTAGGGTTTAGGGTTTAGGGTTTAGGGTTTAGGGTTTAGGGTTTAGGGTTTAGGGTTTAGGGTTTAGGGGGTTTAGGGTTTAGGGTTTGGGGTTAGGTTTGGGGTTTAGGGTTTAGGGTTTAGGGTTTAGGGTTTAGGGTTTAGGGTTTAGGGTTTAGGGTTTAG
Eimeria_necatrix	NW_013654752.1	2486	2626	140	0.9642857142857143	coding-strand	GT	AG	GT	AG	ENH_00084210	protein_coding	11	10	72	132	6	0.0	0.0	RefSeq			TAGGGTTTAGGGTTTAGGGTTTATGCAGGGCGCGGGAAACACCCCCGCGTTGGTGAACAGTTTGTTGACTTCGCTGTGCAACATTTCGCCCTTCTTTAGG	GGCGCGGGAAACACCCCCGCGTTGGTGAACAGTTTGTTGACTTCGCTGTGCAACATTTCGCCCTTCCTGCAGGTCCACCGCTTCATCTGTTCTGACGTCC	GTTTAGGGTTTAGGGTTTAGGGTTTTAGGGTTTAGGGTTTAGGGTTTAGGGTTTAGGGTTTAGGGGGGTTTAGGGTTTAGGGTTTAGGGTTTAGGGTTTAGGGTTTAGGGTTTAGGGTTTAGGGTTTAGGGTTTATGCAG
Eimeria_necatrix	NW_013654757.1	5691	5757	66	0.9696969696969697	template-strand	CT	AC	CT	AC	ENH_00084550	protein_coding	8	7	80	177	4	0.0	0.0	RefSeq			CTAAACCCTAAACCCTAAACCCTAGGCTCCGAGCCGCATATCACCGAACTCCACCCCGCGCACCCCAAAGCCCAAGCCCCAAAACCCCAAACCCCAAACC	CTGAAGTGAGGTGGATTGCTGCGACTCGGCCTGCTGCTGCGTCAGTGACAAGCAGCTCATCTCGTGCTGCACTAACAGCAGCAGCAAGCAGCAAATTGAA	CTAAACCCCAAACCCTAAACCCTAACCCTAAACCCTAAACCCTAAACCCTAAACCCTAAACCCTAC
