genome_acc	genome_name	contig	start	end	length	strand	mrna	donor	acceptor	telo_coverage	repeat_type	fwd_frac	orientation	donor_8	acceptor_8	intron_seq
GCF_000499545.2	Eimeria_tenella	NW_013541457.1	980597	980692	95	+	rna-XM_013372461.1	GT	AG	0.9263157894736842	TTTAGGG	1.0	coding-strand	GTTTAGGG	TGTCTCAG	GTTTAGGGTTTAGGGTTTAGGGTTTAGGGTTTAGGGTTTAGGGTTTAGGGTTTAGGGTTTAGGGTTTAGGGTTTAGGGTTTAGGGTTTGTCTCAG
GCF_000499545.2	Eimeria_tenella	NW_013541458.1	49818	49867	49	-	rna-XM_013372505.1	CT	AC	0.8571428571428571	TTTAGGG	0.0	template-strand	GTCCGAGG	GGGTTTAG	CTAAACCCCAAACCCTAAACCCTTAACCCTAAACCCTAAACCCTCGGAC
GCF_000499545.2	Eimeria_tenella	NW_013541630.1	82320	82359	39	-	rna-XM_013373868.1	CT	AC	0.9743589743589743	TTTAGGG	0.0	template-strand	GTAGGGTT	GGGTTTAG	CTAAACCCTAAACCCTAAACCCTAAACCCTAAACCCTAC
GCF_000499545.2	Eimeria_tenella	NW_013542047.1	1193	1239	46	-	rna-XM_013374617.1	CT	AC	0.9347826086956522	TTTAGGG	0.0	template-strand	GTAGGGTT	GGGTTTAG	CTAAACCCTAGACCCTAACCCCTAAACCCTAAACCCTAAACCCTAC
GCF_000499545.2	Eimeria_tenella	NW_013542105.1	5085	5118	33	-	rna-XM_013374738.1	CT	AC	0.9090909090909091	TTTAGGG	0.0	template-strand	GTGAGGGT	GGGTTTAG	CTAAACCCTAAACCCTAAACCCTAAACCCTCAC
GCF_000499545.2	Eimeria_tenella	NW_013543449.1	159561	159619	58	+	rna-XM_013378182.1	GT	AG	0.896551724137931	TTTAGGG	1.0	coding-strand	GTGAGCTA	GGGTTTAG	GTGAGCTAGGGTTTAGGGTTTAGGGTTTAGGGTTTAGGGTTTAGGGTTTAGGGTTTAG
GCF_000499545.2	Eimeria_tenella	NW_013543884.1	189	228	39	-	rna-XM_013379101.1	CT	AC	0.9487179487179487	TTTAGGG	1.0	coding-strand	GTAAACCC	AACCCTAG	CTAGGGTTTAGGGTTTAGGGTTTAGGGTTTAGGGTTTAC
GCF_000499545.2	Eimeria_tenella	NW_013545473.1	283	323	40	-	rna-XM_013380176.1	CT	AC	0.95	TTTAGGG	1.0	coding-strand	GTAAACCC	ACCCTAAG	CTTAGGGTTTAGGGTTTAGGGTTTAGGGTTTAGGGTTTAC
GCF_000499545.2	Eimeria_tenella	NW_013546059.1	1822	1896	74	-	rna-XM_013380841.1	CT	AC	0.8513513513513513	TTTGGG	0.0	template-strand	GTAGGGTT	GGGTTTAG	CTAAACCCCAAACCCCAAACCCCAAACCCTAAACCCTAAACCCTAAACCCTAAACCCTAAACCCTAAACCCTAC
