accession	species	genome_bp	n_introns	n_telotrons	n_gt_ag	top_acceptor	top_donor	AACC_AG_pct
GCF_013339695.2	Rhipicephalus_sanguineus	2365502231	237840	660	660	['GGTT', 482]	['TAGG', 196]	0.0
GCF_001643675.1	Monocercomonoides_exilis	82301135	35319	289	289	['GGTT', 285]	['TAGG', 279]	0.0
GCF_024679095.1	Eriocheir_sinensis	1765827443	628769	68	68	['GGTT', 40]	['TAGG', 60]	0.0
GCF_000499385.1	Eimeria_necatrix	55007932	27957	60	60	['GTTT', 24]	['TTAG', 22]	0.0
GCF_023101765.2	Spodoptera_frugiperda	383907753	325622	55	55	['GGTT', 45]	['TTGG', 46]	0.0
GCF_026119805.1	Tympanuchus_pallidicinctus	994352574	608596	48	48	['GGTT', 33]	['TAGG', 22]	0.0
GCF_051106095.1	Pogona_vitticeps	1752814424	735196	44	44	['AGGT', 42]	['AGGT', 43]	0.0
GCF_901000725.3	Takifugu_rubripes	384110215	656232	44	43	['ATTC', 10]	['ACTG', 10]	0.0
GCF_003711565.1	Takifugu_flavidus	366286831	681213	41	41	['GGTT', 13]	['TAGG', 12]	0.0
GCF_021464435.1	Cataglyphis_hispanica	206388925	192831	36	36	['GGTT', 36]	['TGGG', 34]	0.0
GCF_023343835.1	Lagopus_muta	1026755127	633847	34	34	['GGTT', 29]	['TAGG', 27]	0.0
GCF_000499745.2	Eimeria_mitis	72240319	33471	28	28	['GTTT', 10]	['TTAG', 10]	0.0
GCF_964034855.1	Anser_brachyrhynchus	1287320976	867386	25	25	['GGTT', 19]	['TAGG', 20]	0.0
GCF_905404315.1	Leptidea_sinapis	685583065	205167	24	24	['GGTT', 19]	['TAGG', 21]	0.0
GCF_015586225.1	Lucilia_sericata	565289533	128403	23	22	['TTTC', 8]	['GAGT', 5]	0.0
GCF_051294905.1	Botryllus_schlosseri	495547953	321995	17	17	['AGGT', 12]	['AGGT', 7]	0.0
GCF_009769545.1	Cyclopterus_lumpus	572885595	480633	14	14	['TGTC', 14]	['GAGT', 14]	0.0
GCF_000499425.1	Eimeria_acervulina	45830609	28615	14	14	['GTTT', 8]	['GAGG', 6]	0.0
GCF_022605725.1	Anthonomus_grandis_grandis	697452952	222818	12	0	None	None	0
GCF_000499605.1	Eimeria_maxima	45975062	25516	11	11	['GTTT', 5]	['AAGG', 3]	0.0
GCF_000499545.2	Eimeria_tenella	51859607	29875	9	9	['GTTT', 6]	['AGGG', 3]	0.0
GCF_040054535.1	Antennarius_striatus	548561997	526772	8	8	['CCTC', 5]	['AAGA', 5]	0.0
GCF_018327825.1	Ciona_intestinalis	140258035	196442	7	7	['GGTT', 3]	['TAGG', 3]	0.0
GCF_051989575.1	Stigmatopora_nigra	375402015	488226	7	6	['GGAT', 6]	['AGTT', 6]	0.0
GCF_901001165.2	Salmo_trutta	2371863509	1135771	6	5	['TGTC', 3]	['AAAA', 3]	0.0
GCF_013347855.1	Anguilla_anguilla	979029243	784134	5	0	None	None	0
GCF_000315625.1	Guillardia_theta_CCMP2712	87145349	135074	5	1	['GTTA', 1]	['TTAG', 1]	0.0
GCF_916048215.2	Malus_sylvestris	640969901	423625	5	5	['GTTT', 5]	['TTAG', 4]	0.0
GCF_052425735.1	Oculina_patagonica	529418093	347273	5	5	['AGGT', 3]	['CGGT', 3]	0.0
GCF_964199315.1	Orbicella_franksi	496972095	314405	5	5	['GGTT', 4]	['TAGG', 5]	0.0
GCF_024217435.2	Syngnathus_scovelli	428400902	636677	5	5	['GGTT', 3]	['TAGG', 3]	0.0
GCF_029030835.1	Brachyistius_frenatus	595935260	512568	4	4	['GGTT', 2]	['TAGG', 3]	25.0
GCF_014633365.1	Diospyros_lotus	630098508	288678	4	4	['GTTT', 4]	['TTAG', 4]	0.0
GCF_026898425.1	Galleria_mellonella	471899840	215904	4	4	['GGTT', 3]	['TAGG', 3]	0.0
GCF_001640805.2	Lates_calcarifer	673797687	567281	4	4	['GGTT', 4]	['TAGG', 3]	0.0
GCF_932526225.1	Nematostella_vectensis	269418438	354842	4	4	['CCGC', 4]	['GAGA', 4]	0.0
GCF_918797505.1	Bemisia_tabaci	609949642	214938	3	3	['GGTT', 3]	['TAGG', 2]	0.0
GCF_023724105.1	Carassius_gibelio	1583334954	1208553	3	3	['AGGT', 3]	['AGGT', 3]	0.0
GCF_038088225.1	Cyrtonyx_montezumae	1011858581	332104	3	3	['GGTT', 3]	['TAGG', 3]	0.0
GCF_027744805.1	Dunckerocampus_dactyliophorus	670648883	728210	3	3	['GGTT', 3]	['TAGG', 3]	0.0
GCF_000372725.1	Emiliania_huxleyi_CCMP1516	167675649	99296	3	2	['CCCT', 1]	['GCGC', 1]	0.0
GCF_000004515.6	Glycine_max	978386919	500392	3	0	None	None	0
GCF_029962835.1	Magnolia_sinica	1838578862	353425	3	3	['GTTA', 2]	['TTAG', 2]	0.0
GCF_009762535.1	Notolabrus_celidotus	846744125	482002	3	3	['AGTT', 3]	['AACT', 3]	0.0
GCF_024362695.1	Pectinophora_gossypiella	476494545	220147	3	3	['GCAC', 1]	['CGGC', 1]	0.0
GCF_000499845.2	Phaseolus_vulgaris	537154354	269988	3	3	['GTTT', 2]	['TTAG', 3]	0.0
GCF_949987615.1	Pollachius_pollachius	606750899	379687	3	3	['CTCC', 3]	['ACCG', 2]	0.0
GCF_013076305.1	Rhopilema_esculentum	256689583	211942	3	3	['GGTT', 2]	['TAGG', 2]	0.0
GCF_905237065.1	Salmo_salar	2756584103	1317346	3	3	['AGGT', 2]	['AGGT', 2]	0.0
GCF_048541705.1	Temnothorax_americanus	255506222	239043	3	3	['GGTT', 3]	['TAGG', 2]	0.0
GCF_963924715.1	Thunnus_thynnus	799047066	621277	3	3	['GTTA', 1]	['TAGG', 1]	0.0
GCF_037043105.1	Vanessa_tameamea	363368026	187937	3	3	['GGTT', 1]	['TAGG', 2]	0.0
GCF_000313135.1	Acanthamoeba_castellanii_str._Neff	42019824	89765	2	2	['AAAC', 1]	['ACCC', 1]	50.0
GCF_000222465.1	Acropora_digitifera	447478678	215253	2	1	['TTTC', 1]	['GATA', 1]	0.0
GCF_018555375.3	Anguilla_rostrata	976090453	753969	2	1	['GGTT', 1]	['TAGG', 1]	0.0
GCF_964058835.1	Carex_rostrata	380999594	235605	2	1	['GGTT', 1]	['GAGG', 1]	0.0
GCF_013339745.2	Dermacentor_silvarum	2474293395	305363	2	2	['GGTT', 2]	['TGGG', 1]	0.0
GCF_037039965.1	Doryrhamphus_excisus	497388357	552660	2	1	['GCTT', 1]	['TTAG', 1]	0.0
GCF_000591075.1	Eurytemora_carolleeae	389032277	343146	2	2	['GTTT', 1]	['AAGT', 1]	0.0
GCF_025201925.1	Gopherus_flavomarginatus	2460542086	718303	2	2	['GGTT', 1]	['TAGG', 2]	0.0
GCF_954871325.1	Gordionus_sp._m_RMFG-2023	287640266	131795	2	0	None	None	0
GCF_900634775.2	Gouania_willdenowi	937150793	599086	2	2	['GGTT', 2]	['TAGG', 2]	0.0
GCF_000972845.2	Larimichthys_crocea	657923191	627272	2	0	None	None	0
GCF_015708825.2	Lethenteron_reissneri	1063012140	408141	2	2	['GGTT', 2]	['TAGG', 2]	0.0
GCF_046129695.1	Lonchura_striata	1207550942	416230	2	2	['GTTT', 1]	['TTAG', 1]	0.0
GCF_000182925.2	Neurospora_crassa_OR74A	41037538	20179	2	2	['AGGT', 2]	['AGGT', 2]	0.0
GCF_003672135.2	Ooceraea_biroi	223876465	200997	2	2	['AGGT', 2]	['AGGT', 2]	0.0
GCF_048934315.1	Petromyzon_marinus	1808332251	615420	2	2	['GGTT', 2]	['TAGG', 2]	0.0
GCF_947347685.1	Pleuronectes_platessa	687388084	439796	2	2	['GGTT', 2]	['TAGG', 2]	0.0
GCF_027563975.2	Plodia_interpunctella	291316876	275316	2	2	['GGTT', 2]	['TAGG', 2]	0.0
GCF_035222375.1	Podospora_pseudocomata	34981282	18249	2	2	['AGGT', 2]	['AGGT', 2]	0.0
GCF_045679555.1	Salvelinus_alpinus	2367887750	1201289	2	2	['AGTT', 1]	['GTTA', 1]	0.0
GCF_016432855.1	Salvelinus_namaycush	2345496725	620976	2	2	['TTCC', 1]	['GAGT', 1]	0.0
GCF_027744825.2	Synchiropus_splendidus	582881826	650996	2	2	['GTTT', 2]	['AAAC', 2]	0.0
GCF_000239435.1	Tetranychus_urticae	90815494	76679	2	2	['GGTT', 2]	['TAGG', 2]	0.0
GCF_016859285.1	Xiphias_gladius	691763775	572024	2	0	None	None	0
GCF_013753865.1	Acropora_millepora	475381253	331598	1	1	['GGTT', 1]	['TAGG', 1]	0.0
GCF_036669905.1	Acropora_muricata	487333246	390030	1	1	['GGTT', 1]	['TAGG', 1]	0.0
GCF_964030605.1	Acropora_palmata	333946596	327374	1	1	['AGGT', 1]	['AGGT', 1]	0.0
GCF_039555335.1	Amphiura_filiformis	1570979288	335151	1	1	['GGTT', 1]	['TAGG', 1]	0.0
GCF_001540865.1	Ananas_comosus	381896302	255646	1	0	None	None	0
GCF_000184785.3	Apis_florea	228997396	145902	1	1	['AGGT', 1]	['AGGT', 1]	0.0
GCF_000186865.1	Aureococcus_anophagefferens	56660572	14980	1	1	['GGTT', 1]	['TAGG', 1]	0.0
GCF_001266775.1	Austrofundulus_limnaeus	866963281	385406	1	1	['GGTT', 1]	['TAGG', 1]	0.0
GCF_947172395.1	Bicyclus_anynana	457159770	201257	1	1	['GGTT', 1]	['TAGG', 1]	0.0
GCF_023856365.1	Brienomyrus_brachyistius	988088817	817794	1	1	['GTTA', 1]	['TAGG', 1]	0.0
GCF_000633955.1	Camelina_sativa	641356059	689608	1	1	['TTTT', 1]	['TTAG', 1]	0.0
GCF_030273125.1	Centropristis_striata	926021963	410096	1	1	['GGTT', 1]	['TAGG', 1]	0.0
GCF_039877785.1	Chaetodon_trifascialis	662489023	479064	1	1	['AGGT', 1]	['AGGT', 1]	0.0
GCF_951640355.1	Cnephaeus_nilssonii	2064102006	495651	1	1	['GGTG', 1]	['GGGG', 1]	0.0
GCF_963422355.1	Corticium_candelabrum	185491545	216713	1	0	None	None	0
GCF_050947875.1	Dermacentor_variabilis	2477349138	339602	1	0	None	None	0
GCF_036324505.1	Eleginops_maclovinus	606289673	477857	1	1	['TTTC', 1]	['AAGA', 1]	0.0
GCF_022577435.1	Embiotoca_jacksoni	634668633	528779	1	1	['GGTT', 1]	['TAGG', 1]	0.0
GCF_945859705.1	Episyrphus_balteatus	535345329	152037	1	1	['TTCC', 1]	['AAAT', 1]	0.0
GCF_011004845.1	Esox_lucius	918731919	790898	1	1	['TCCC', 1]	['CAGT', 1]	0.0
GCF_013103735.1	Etheostoma_cragini	643078674	646857	1	1	['AGTA', 1]	['TAGT', 1]	0.0
GCF_031168955.1	Gadus_macrocephalus	555681083	552768	1	1	['CCTG', 1]	['TAGG', 1]	0.0
GCF_033153095.1	Gastrolobium_bilobum	591270798	231269	1	1	['ACCC', 1]	['GTAC', 1]	0.0
GCF_951799975.1	Gobius_niger	870555617	395004	1	1	['GGTT', 1]	['TAGG', 1]	0.0
GCF_025434085.1	Hippocampus_zosterae	544504747	615947	1	1	['AGTT', 1]	['TTGT', 1]	0.0
GCF_029227915.1	Hydractinia_symbiolongicarpus	480922349	241588	1	0	None	None	0
GCF_022984875.1	Hypoxylon_fragiforme	36400909	20243	1	0	None	None	0
GCF_025532065.1	Leptinotarsa_decemlineata	810459509	169234	1	1	['GGTT', 1]	['CAGG', 1]	0.0
GCF_963576545.1	Limanda_limanda	717580706	326421	1	1	['AGTT', 1]	['TAGT', 1]	0.0
GCF_040581485.1	Linepithema_humile	244426654	258566	1	1	['GGTT', 1]	['TAGG', 1]	0.0
GCF_028750875.1	Macrosteles_quadrilineatus	1317891973	314030	1	1	['GGTT', 1]	['TAGG', 1]	0.0
GCF_025612915.1	Magallana_angulata	624273838	546262	1	1	['TTTC', 1]	['ACGT', 1]	0.0
GCF_011075055.1	Mangifera_indica	391961648	367777	1	1	['TCAC', 1]	['AGTT', 1]	0.0
GCF_013368585.1	Megalops_cyprinoides	959241634	485266	1	1	['CCCC', 1]	['ACAG', 1]	0.0
GCF_001595765.1	Miniopterus_natalensis	1803099001	332668	1	1	['GGTT', 1]	['TAGG', 1]	0.0
GCF_008403515.1	Naegleria_fowleri	29500442	12849	1	1	['GTTT', 1]	['TTGG', 1]	0.0
GCF_033978795.1	Nerophis_ophidion	1845757181	639207	1	1	['AGGT', 1]	['AGGT', 1]	0.0
GCF_949606895.1	Notothenia_rossii	1042884354	671329	1	1	['TTTT', 1]	['AGGT', 1]	0.0
GCF_017591425.1	Ochotona_curzoniae	2086111946	470381	1	1	['GGTT', 1]	['TAGG', 1]	0.0
GCF_001194135.2	Octopus_bimaculoides	2342518435	282568	1	1	['GGTT', 1]	['TTAG', 1]	0.0
GCF_000147395.1	Oryza_glaberrima	347321046	223262	1	1	['GGTT', 1]	['TTAG', 1]	0.0
GCF_053564925.1	Oryzias_latipes	863417014	973795	1	1	['GGTT', 1]	['TAGG', 1]	0.0
GCF_963855985.1	Ostrinia_nubilalis	495500553	143558	1	1	['CAAT', 1]	['AATA', 1]	0.0
GCF_905163445.1	Pararge_aegeria	516571003	191016	1	0	None	None	0
GCF_049243985.1	Paroedura_picta	1751518920	735709	1	1	['AGGT', 1]	['AGGT', 1]	0.0
GCF_015706575.1	Patiria_miniata	608344308	391646	1	0	None	None	0
GCF_028476545.2	Physella_acuta	702002063	424539	1	1	['CCTC', 1]	['AAGG', 1]	0.0
GCF_932276165.1	Plutella_xylostella	323302761	194612	1	1	['GGTA', 1]	['AGGG', 1]	0.0
GCF_964188305.1	Podarcis_bocagei	1615189422	679254	1	1	['AGTT', 1]	['TAGT', 1]	0.0
GCF_030449975.1	Polyergus_mexicanus	252309906	212102	1	1	['NNGC', 1]	['GTGT', 1]	0.0
GCF_005239225.2	Populus_alba	416395670	319761	1	1	['CTTC', 1]	['TTTG', 1]	0.0
GCF_907164565.1	Psammomys_obesus	2364980841	435996	1	0	None	None	0
GCF_902827115.2	Pseudochaenichthys_georgianus	1026205435	444893	1	1	['GAAC', 1]	['GAGT', 1]	0.0
GCF_024679245.1	Pseudorasbora_parva	1228852188	616956	1	0	None	None	0
GCF_018831695.1	Puntigrus_tetrazona	730801986	659926	1	1	['GGTT', 1]	['TAGG', 1]	0.0
GCF_030253575.1	Rhododendron_vialii	532733691	329300	1	0	None	None	0
GCF_043250625.1	Sebastes_fasciatus	833835073	729563	1	1	['TAGG', 1]	['TAGG', 1]	0.0
GCF_015220745.1	Sebastes_umbrosus	800904020	725302	1	1	['TAAC', 1]	['TAAC', 1]	0.0
GCF_021018895.1	Seriola_aureovittata	647095223	588377	1	1	['AGTT', 1]	['AGTT', 1]	0.0
GCF_051989625.1	Stigmatopora_argus	464095202	570852	1	1	['TTTC', 1]	['AGAG', 1]	0.0
GCF_016628075.1	Suillus_paluster	61993750	81858	1	1	['GGTT', 1]	['TAGT', 1]	0.0
GCF_947650265.1	Symphodus_melops	636351954	502345	1	1	['CCCC', 1]	['AGGG', 1]	0.0
GCF_019802595.1	Syngnathoides_biaculeatus	636519225	650251	1	1	['GGTT', 1]	['TAGA', 1]	0.0
GCF_030014155.1	Tachysurus_vachellii	692104899	514677	1	1	['GGTT', 1]	['TAGG', 1]	0.0
GCF_018873765.1	Telopea_speciosissima	823061212	245683	1	0	None	None	0
GCF_007210705.1	Tigriopus_californicus	191142546	104319	1	1	['AGTT', 1]	['TTAG', 1]	0.0
GCF_035046505.1	Tiliqua_scincoides	1623332312	364253	1	0	None	None	0
GCF_013401445.1	Tripterygium_wilfordii	348533228	324141	1	0	None	None	0
